,x,y,z
0,136084.8512,1419490.5692,84.5033
1,136085.43985,1419490.4838,84.89065
2,136085.937,1419490.4533000002,84.37519999999999
3,136081.71885,1419490.5204,85.49455
4,136078.2327,1419490.6363000001,85.21395
5,136078.7939,1419490.56005,85.4732
6,136079.35815000001,1419490.4838,85.69279999999999
7,136079.9163,1419490.4136499998,85.8331
8,136080.45005,1419490.35265,85.8453
9,136080.9899,1419490.2947,85.81175
10,136081.52365,1419490.2398,85.70195
11,136082.57895,1419490.13,85.44575
12,136083.59155,1419490.0507,84.7595
13,136084.13749999998,1419489.98665,84.7595
14,136084.73225,1419489.8982,85.21395
15,136085.29345,1419489.81585,85.5647
16,136085.8211,1419489.7701,85.29325000000001
17,136086.30604999998,1419489.74875,84.6314
18,136086.10475,1419489.398,85.06755000000001
19,136083.92705,1419489.6511499998,84.9364
20,136083.42380000002,1419489.6938500002,85.19564999999999
21,136082.3868,1419489.78535,85.71415
22,136077.48545,1419490.37095,85.0706
23,136076.36915,1419490.5204,84.60700000000001
24,136075.79880000002,1419490.59665,84.3386
25,136074.84720000002,1419490.51735,84.07325
26,136075.39315,1419490.4472,84.26235
27,136078.77255,1419489.99275,85.6867
28,136079.34290000002,1419489.9164999998,85.91544999999999
29,136079.89800000002,1419489.84635,86.09235
30,136080.4348,1419489.7823,86.132
31,136080.97465,1419489.7213,86.11675000000001
32,136081.5145,1419489.6633499998,86.03745
33,136083.0822,1419489.51085,85.5647
34,136083.59764999998,1419489.4620500002,85.3512
35,136084.1619,1419489.3858,85.59215
36,136083.07915,1419489.09605,85.705
37,136082.03605,1419489.1936499998,86.10759999999999
38,136081.5206,1419489.2455000002,86.254
39,136080.9899,1419489.30345,86.31805
40,136080.44395000002,1419489.36445,86.29365
41,136079.35205,1419489.49865,86.04965
42,136077.67455,1419489.7213,85.3451
43,136076.5552,1419489.87075,84.87235
44,136075.994,1419489.9439499998,84.6863
45,136074.32259999998,1419490.1666,84.00919999999999
46,136071.19024999999,1419490.49295,84.48805
47,136070.67785,1419490.54175,84.70765
48,136070.17765,1419490.58445,84.99130000000001
49,136069.6744,1419490.6301999998,85.1865
50,136069.16809999998,1419490.67595,85.3817
51,136072.91655,1419490.069,83.73165
52,136073.42895,1419490.02325,83.4602
53,136074.00235,1419489.93785,83.8872
54,136074.58795,1419489.8555,84.2349
55,136075.70425,1419489.7060500002,84.66189999999999
56,136076.26545,1419489.63285,84.87845
57,136077.9582,1419489.4071499999,85.56775
58,136078.51635,1419489.3309,85.84835000000001
59,136079.6479,1419489.1814499998,86.26925
60,136082.85345,1419488.8368,85.89105
61,136084.43335,1419488.6720999999,85.5891
62,136084.98235,1419488.6111,85.5647
63,136085.52525,1419488.55315,85.52810000000001
64,136086.05899999998,1419488.4921499998,85.5159
65,136084.23815,1419488.361,85.76905
66,136083.71964999998,1419488.4189499998,85.81784999999999
67,136082.15195,1419488.5684,86.33025
68,136081.63955,1419488.61415,86.6078
69,136081.09970000002,1419488.6720999999,86.64745
70,136077.2262,1419489.16925,85.3817
71,136076.665,1419489.2455000002,85.15295
72,136076.0977,1419489.3187,84.93945000000001
73,136075.55479999998,1419489.3919,84.729
74,136074.9875,1419489.46815,84.48195
75,136072.2669,1419489.79755,83.95125
76,136071.7362,1419489.85245,84.058
77,136071.2238,1419489.9012499999,84.2349
78,136070.2173,1419489.99275,84.68935
79,136069.71405,1419490.0324,85.0157
80,136068.6801,1419489.87685,85.45185000000001
81,136069.1803,1419489.82805,85.2353
82,136072.72745,1419489.51085,83.4907
83,136073.25815,1419489.4529000001,83.49985
84,136074.4385,1419489.2729500001,84.40265000000001
85,136077.24145,1419488.9008499999,85.50065
86,136078.91895,1419488.68125,86.15335
87,136079.4954,1419488.60195,86.40955
88,136080.5934,1419488.4647,86.681
89,136077.9338,1419488.37015,85.95205
90,136077.38175,1419488.4433499998,85.7172
91,136076.82055,1419488.5196,85.4671
92,136076.25325,1419488.5928,85.24445
93,136072.33095,1419489.1173999999,83.50290000000001
94,136071.82465,1419489.16315,83.7591
95,136070.8151,1419489.25465,84.22269999999999
96,136070.3027,1419489.3004,84.46365
97,136069.79945,1419489.3431,84.71375
98,136069.29925,1419489.38885,84.93029999999999
99,136068.40255,1419489.2333000002,85.4122
100,136072.48345,1419488.8612,83.57305
101,136073.06905,1419488.7697,84.11290000000001
102,136073.64854999998,1419488.68735,84.41484999999999
103,136074.20364999998,1419488.6172,84.59175
104,136074.75875,1419488.544,84.78085
105,136075.323,1419488.4677499998,85.0157
106,136071.9192,1419488.58365,83.62185000000001
107,136070.90965,1419488.67515,84.0702
108,136070.4003,1419488.71785,84.32945
109,136069.89705,1419488.7636000002,84.5704
110,136068.8997,1419488.85205,85.0706
111,136067.77425000002,1419488.6720999999,85.43355
112,136068.28665,1419488.6233,85.2475
113,136069.29315,1419488.5318,84.7717
114,136518.31720000002,1419325.3019,83.17349999999999
115,136519.4152,1419325.5001500002,83.20400000000001
116,136519.952,1419325.60385,83.2955
117,136518.8601,1419325.67095,83.17349999999999
118,136518.31720000002,1419325.5703,83.1247
119,136517.76515,1419325.4696499999,83.06370000000001
120,136516.79525,1419325.5520000001,83.00269999999999
121,136520.08925000002,1419326.1559,83.17654999999999
122,136519.55855,1419326.3511,83.04235
123,136519.00345000002,1419326.2504500002,83.0271
124,136518.44225,1419326.1498,83.02404999999999
125,136516.24625,1419325.7533000002,83.02404999999999
126,136515.69115,1419325.65265,83.021
127,136515.1269,1419325.55505,83.06675
128,136514.58705,1419325.4574499999,83.07589999999999
129,136514.0716,1419325.7258499998,83.10945
130,136516.8227,1419326.2168999999,83.00269999999999
131,136517.38085000002,1419326.3206,83.0149
132,136519.5738,1419326.71405,82.99050000000001
133,136520.1228,1419326.81775,83.03625
134,136519.0919,1419326.86045,82.96915000000001
135,136516.34385,1419326.3694,83.0149
136,136515.7796,1419326.26875,83.0576
137,136515.23975,1419326.1742,83.08505000000001
138,136513.0224,1419325.7777,83.13995000000001
139,136512.4673,1419325.6739999999,83.14605
140,136510.1432,1419325.5520000001,83.29855
141,136510.70135,1419325.6496,83.20400000000001
142,136513.4616,1419326.14675,83.143
143,136514.01975,1419326.2474,83.13385
144,136514.56264999998,1419326.345,83.12165
145,136516.22185,1419326.6408499999,83.04235
146,136516.78,1419326.73845,82.9722
147,136517.33815,1419326.84215,83.021
148,136518.4392,1419327.03735,82.93865
149,136520.0862,1419327.3392999999,83.00880000000001
150,136519.30845,1419327.5101,82.9539
151,136518.20739999998,1419327.31185,82.95085
152,136515.9809,1419326.9214499998,83.21925
153,136515.44105,1419326.82385,83.1979
154,136513.22675,1419326.4242999998,83.15825
155,136512.66555,1419326.32365,83.17960000000001
156,136512.12875,1419326.2230000002,83.11555
157,136509.3441,1419325.73195,83.3077
158,136508.80425000002,1419325.62825,83.16130000000001
159,136508.24305,1419325.5276000001,83.20400000000001
160,136506.471,1419325.5001500002,83.1674
161,136507.0261,1419325.6008000001,83.16435
162,136507.58425,1419325.7014499998,83.17960000000001
163,136508.1241,1419325.79905,83.15214999999999
164,136508.6853,1419325.89665,83.10335
165,136510.33229999998,1419326.2047,83.31075000000001
166,136510.8874,1419326.3023,83.265
167,136511.43335,1419326.39685,83.17960000000001
168,136511.98845,1419326.4975,83.17045
169,136514.73955,1419326.9916,83.1369
170,136515.84365,1419327.19595,83.23145
171,136516.3896,1419327.2966,83.22535
172,136517.50895,1419327.4857,82.9539
173,136519.15899999999,1419327.78155,82.92035
174,136519.74155,1419328.1079,82.92949999999999
175,136519.1834,1419328.00725,82.93255
176,136516.9691,1419327.6138,83.03015
177,136516.42925000002,1419327.5192500001,83.07894999999999
178,136515.86805,1419327.4186000002,83.09724999999999
179,136513.6568,1419327.0221,83.1674
180,136513.1139,1419326.9245000002,83.17045
181,136512.55575,1419326.8269,83.18265000000001
182,136512.00065,1419326.72625,83.17654999999999
183,136509.24345,1419326.2321499998,83.26195
184,136508.68835,1419326.1315,83.21620000000001
185,136506.49235000001,1419325.73195,83.14605
186,136505.93115,1419325.6313,83.1247
187,136504.092,1419325.66485,83.00574999999999
188,136504.6471,1419325.7716,83.10640000000001
189,136505.19305,1419325.8692,83.10640000000001
190,136507.4043,1419326.2748500002,83.2284
191,136507.94415,1419326.37245,83.26805
192,136510.15540000002,1419326.77505,83.3138
193,136510.71355,1419326.87875,83.33515
194,136511.25645000002,1419326.9733000002,83.29855
195,136514.0289,1419327.4704500001,83.17045
196,136514.5718,1419327.56805,83.1552
197,136515.12995,1419327.66565,83.1369
198,136517.88715,1419328.1567000002,82.97525
199,136518.4453,1419328.25735,82.93560000000001
200,136519.63175,1419328.7758499999,82.96305
201,136519.0736,1419328.6752,82.97525
202,136516.87149999998,1419328.2848,83.07894999999999
203,136516.31335,1419328.1872,83.11859999999999
204,136515.7552,1419328.08655,83.143
205,136515.21229999998,1419327.98895,83.143
206,136512.99800000002,1419327.5924499999,83.19484999999999
207,136512.449,1419327.4948500001,83.18265000000001
208,136511.89695,1419327.3942,83.14605
209,136511.33575,1419327.2966,83.2528
210,136509.67655,1419326.9977,83.27109999999999
211,136506.91325,1419326.50055,83.2223
212,136506.35815000001,1419326.3938,83.09724999999999
213,136505.81220000001,1419326.2992500002,83.15214999999999
214,136503.05195,1419325.7929500001,82.93865
215,136502.4938,1419325.68925,82.88374999999999
216,136501.9326,1419325.59165,82.94475
217,136500.5845,1419325.6008000001,83.21925
218,136501.14875,1419325.6923,82.99050000000001
219,136503.90899999999,1419326.18945,83.03015
220,136504.45495,1419326.2901,83.06675
221,136505.01005,1419326.3938,83.13385
222,136507.2213,1419326.79945,83.27720000000001
223,136507.76725,1419326.89705,83.2528
224,136508.3254,1419326.99465,83.21620000000001
225,136508.88355,1419327.0953,83.21925
226,136512.18365,1419327.6931,83.24365
227,136514.39794999998,1419328.0895999998,83.17349999999999
228,136517.7133,1419328.6813,83.0454
229,136518.27145,1419328.78195,83.00269999999999
230,136519.9337,1419329.33095,82.9539
231,136519.3725,1419329.2364,83.08505000000001
232,136517.1704,1419328.8398999998,83.0942
233,136516.61835,1419328.7423,83.1247
234,136514.9561,1419328.4434,83.16435
235,136513.85505,1419328.2482,83.1918
236,136513.303,1419328.14755,83.17654999999999
237,136512.75705,1419328.0469,83.11555
238,136510.53665,1419327.6564999998,83.31685
239,136509.9968,1419327.55585,83.21315
240,136509.4478,1419327.4582500001,83.24365
241,136508.8927,1419327.3576,83.18265000000001
242,136506.67535,1419326.95805,83.16130000000001
243,136503.35695,1419326.3572,83.04845
244,136502.81405000002,1419326.2535,82.96
245,136500.5906,1419325.8631,83.143
246,136500.0294,1419325.7716,83.34734999999999
247,136499.4804,1419325.6739999999,83.40225
248,136498.9253,1419325.57335,83.3809
249,136496.8696,1419325.53065,83.36564999999999
250,136497.4247,1419325.6313,83.38395
251,136497.9737,1419325.7289000002,83.37175
252,136500.75225,1419326.2138500002,82.9661
253,136501.2982,1419326.31145,82.90205
254,136501.85635,1419326.4120999998,82.92949999999999
255,136504.61354999998,1419326.9183999998,83.09724999999999
256,136505.1717,1419327.01905,83.1125
257,136505.7329,1419327.1197,83.0881
258,136506.27275,1419327.2173000001,83.09724999999999
259,136510.69525,1419328.02555,83.33515
260,136511.24120000002,1419328.1231499999,83.31075000000001
261,136511.79630000002,1419328.2238,83.2955
262,136512.35749999998,1419328.3214,83.2345
263,136514.5535,1419328.7179,83.1979
264,136515.11165,1419328.8155,83.17654999999999
265,136515.66675,1419328.91615,83.13995000000001
266,136517.8658,1419329.3095999998,83.09115
267,136518.42395,1419329.41025,83.07894999999999
268,136518.976,1419329.5108999999,83.08505000000001
269,136519.90625,1419329.94705,83.03625
270,136517.14905,1419329.45295,83.13385
271,136516.5909,1419329.35535,83.1491
272,136513.8276,1419328.8643,83.30465
273,136513.27555,1419328.7636499999,83.24365
274,136512.72960000002,1419328.6630000002,83.21925
275,136509.9602,1419328.16585,83.23145
276,136509.4112,1419328.06825,83.2284
277,136508.2949,1419327.8699999999,83.26195
278,136507.752,1419327.7724,83.28635
279,136506.63874999998,1419327.56805,83.2284
280,136506.09585,1419327.4674,83.1247
281,136503.87545,1419327.06785,83.14605
282,136503.3173,1419326.9641500001,83.0698
283,136502.77745,1419326.86655,83.0149
284,136499.9928,1419326.37245,83.17349999999999
285,136499.44684999998,1419326.28095,83.34734999999999
286,136496.12540000002,1419325.6861999999,83.39615
287,136495.5642,1419325.58555,83.41445
288,136494.4601,1419325.6496,83.41445
289,136495.01825,1419325.7471999999,83.34429999999999
290,136497.23255000002,1419326.14675,83.40835000000001
291,136498.3336,1419326.345,83.37785
292,136498.8887,1419326.44565,83.3931
293,136499.99585,1419326.6317,83.11859999999999
294,136501.09995,1419326.82385,82.9234
295,136502.2132,1419327.0282,82.99965
296,136504.9643,1419327.5284,83.1125
297,136505.52550000002,1419327.6320999998,83.1308
298,136508.27354999998,1419328.1323000002,83.2528
299,136508.83475,1419328.23295,83.2345
300,136511.5828,1419328.73315,83.31685
301,136512.14095,1419328.8307500002,83.28025
302,136514.33695,1419329.22725,83.26195
303,136514.889,1419329.3248500002,83.2345
304,136515.99005,1419329.52005,83.17654999999999
305,136517.10025,1419329.72135,83.15214999999999
306,136517.64315,1419329.8189499998,83.1308
307,136518.1952,1419329.9196,83.16130000000001
308,136518.75335,1419330.0172,83.1369
309,136519.2932,1419330.1148,83.13995000000001
310,136518.122,1419330.21545,83.08505000000001
311,136517.573,1419330.1209,83.17349999999999
312,136517.02095,1419330.0202499998,83.17045
313,136516.45975,1419329.92265,83.20400000000001
314,136513.71475,1419329.42855,83.33515
315,136513.15965,1419329.3217999998,83.23145
316,136512.61675000002,1419329.22725,83.25585000000001
317,136510.9606,1419328.9253,83.1857
318,136510.4055,1419328.8276999998,83.1979
319,136507.6422,1419328.33665,83.30465
320,136507.08405,1419328.23295,83.27415
321,136506.5259,1419328.1323000002,83.265
322,136504.32684999998,1419327.7297,83.07894999999999
323,136503.77175,1419327.6320999998,83.07894999999999
324,136503.21055,1419327.53145,83.09115
325,136502.6707,1419327.4338500001,83.05454999999999
326,136500.45335,1419327.0282,82.899
327,136499.90435,1419326.9367000002,83.06065
328,136499.3462,1419326.84215,83.2467
329,136497.6809,1419326.5524,83.42054999999999
330,136496.0217,1419326.25655,83.46325
331,136493.8135,1419325.86005,83.40225
332,136493.25535,1419325.7594,83.3931
333,136490.8611,1419325.60995,83.33210000000001
334,136491.40399999998,1419325.70755,83.34429999999999
335,136491.96215,1419325.8082,83.35955
336,136492.5203,1419325.90885,83.37480000000001
337,136495.2836,1419326.40905,83.4785
338,136496.38465,1419326.6073,83.4541
339,136498.60505,1419327.0038,83.35955
340,136499.70915,1419327.1898500002,83.0698
341,136501.36835,1419327.4857,83.00880000000001
342,136501.9265,1419327.58635,83.01795
343,136504.68675,1419328.0895999998,83.09115
344,136505.24185,1419328.1933000002,83.17045
345,136505.8,1419328.2939499998,83.16435
346,136509.11229999998,1419328.8948000001,83.2406
347,136509.65215,1419328.9923999999,83.23755
348,136511.3144,1419329.2913,83.2223
349,136511.86645,1419329.39195,83.27720000000001
350,136514.6206,1419329.8891,83.27415
351,136515.1757,1419329.98975,83.25585000000001
352,136515.72470000002,1419330.0843,83.15825
353,136518.48495,1419330.5845,83.21315
354,136519.58295,1419330.7797,83.10335
355,136520.1411,1419330.8773,83.05454999999999
356,136519.71409999998,1419331.0237,83.07894999999999
357,136518.6161,1419330.8285,83.1308
358,136517.50285,1419330.63025,83.21620000000001
359,136516.96605,1419330.5326500002,83.1857
360,136513.6568,1419329.94705,83.3382
361,136513.1017,1419329.84335,83.2833
362,136510.90875,1419329.44685,83.21315
363,136510.35365,1419329.3492500002,83.2345
364,136508.14239999998,1419328.95275,83.23755
365,136507.5995,1419328.8520999998,83.2467
366,136507.04134999998,1419328.7545,83.27109999999999
367,136506.49845,1419328.6569,83.28939999999999
368,136504.84535,1419328.3549499998,83.1308
369,136503.7321,1419328.15365,83.12165
370,136500.981,1419327.6473500002,82.89290000000001
371,136498.2116,1419327.1715499999,83.40835000000001
372,136496.5524,1419326.87875,83.46325
373,136494.3381,1419326.4792000002,83.40835000000001
374,136493.77995,1419326.37855,83.40225
375,136489.9217,1419325.6861999999,83.2955
376,136488.2503,1419325.6923,83.29855
377,136488.81149999998,1419325.7929500001,83.28635
378,136489.3666,1419325.8936,83.2955
379,136492.136,1419326.3938,83.37175
380,136492.6911,1419326.4914000002,83.35955
381,136493.23705,1419326.59205,83.39005
382,136494.8993,1419326.89095,83.41445
383,136495.45745000002,1419326.9916,83.4175
384,136497.1197,1419327.28745,83.39005
385,136498.78195,1419327.5833,83.2589
386,136499.34315,1419327.6748000002,83.0515
387,136499.89215,1419327.7663,82.89595
388,136502.1095,1419328.175,83.082
389,136502.66460000002,1419328.2787,83.1369
390,136503.2136,1419328.3732500002,83.0576
391,136505.983,1419328.8795500002,83.21620000000001
392,136507.64525,1419329.17845,83.21315
393,136508.18815,1419329.2791,83.22535
394,136508.7463,1419329.37975,83.23755
395,136509.2892,1419329.47735,83.2467
396,136512.06470000002,1419329.97755,83.2101
397,136512.6076,1419330.0782,83.23145
398,136515.37395,1419330.57535,83.2467
399,136515.926,1419330.67295,83.1674
400,136518.1403,1419331.0664000001,83.05454999999999
401,136520.0862,1419331.7251999998,83.0515
402,136517.88105,1419331.3348,83.1674
403,136514.5657,1419330.7430999998,83.25585000000001
404,136514.01059999998,1419330.6455,83.2528
405,136513.46465,1419330.5448500002,83.23145
406,136511.2473,1419330.14835,83.2833
407,136510.69525,1419330.0476999998,83.24974999999999
408,136509.59115,1419329.8525,83.28025
409,136506.8309,1419329.3523000001,83.1918
410,136505.16865,1419329.0564499998,83.2833
411,136504.61354999998,1419328.9558,83.2345
412,136501.29515,1419328.34885,83.0271
413,136500.737,1419328.24515,82.90509999999999
414,136500.1941,1419328.14755,82.92644999999999
415,136499.6329,1419328.0469,82.93560000000001
416,136499.0717,1419327.9554,83.10640000000001
417,136497.96455,1419327.76935,83.39615
418,136497.40639999998,1419327.6687,83.44800000000001
419,136496.86045,1419327.5711,83.4358
420,136494.6431,1419327.1745999998,83.41445
421,136494.0819,1419327.0739499999,83.4114
422,136492.42575,1419326.77505,83.37175
423,136491.32165,1419326.5768,83.35955
424,136490.76045,1419326.4761499998,83.3382
425,136489.65635,1419326.2779,83.28635
426,136487.43899999998,1419325.87835,83.20095
427,136486.89305,1419325.7807500002,83.20095
428,136486.3349,1419325.6801,83.20705
429,136485.93839999998,1419325.9119,83.21620000000001
430,136487.03944999998,1419326.10405,83.09115
431,136488.6956,1419326.40905,83.26195
432,136490.3548,1419326.7079500002,83.29855
433,136495.33239999998,1419327.6076999998,83.4236
434,136496.43345,1419327.80595,83.41445
435,136501.41715,1419328.6874,83.01795
436,136501.97225,1419328.7911,83.12775
437,136502.51515,1419328.8887,83.1125
438,136503.0733,1419328.98935,83.11555
439,136503.6284,1419329.0930499998,83.1857
440,136505.28454999998,1419329.395,83.25585000000001
441,136505.8305,1419329.48955,83.1918
442,136506.38559999998,1419329.5932500002,83.20400000000001
443,136509.1428,1419330.0904,83.24974999999999
444,136512.4551,1419330.6882,83.2101
445,136515.2245,1419331.1883999999,83.21620000000001
446,136515.76434999998,1419331.286,83.23145
447,136516.32555,1419331.3836,83.17960000000001
448,136517.97865,1419331.67945,83.11859999999999
449,136519.63175,1419331.97835,83.1308
450,136517.4937,1419331.82585,83.18875
451,136516.9386,1419331.72215,83.1247
452,136516.39265,1419331.6276,83.21315
453,136514.73955,1419331.3287,83.12775
454,136513.62935,1419331.1273999999,83.1125
455,136511.96405,1419330.8376500001,83.3077
456,136511.4242,1419330.7370000002,83.2345
457,136510.86604999998,1419330.63635,83.2406
458,136508.1119,1419330.1392,83.18265000000001
459,136507.55375,1419330.0355000002,83.1125
460,136506.9956,1419329.9379,83.15825
461,136506.44965,1419329.8403,83.1918
462,136504.2323,1419329.44685,83.27720000000001
463,136503.13125,1419329.2425,83.15214999999999
464,136500.91694999998,1419328.8398999998,83.01185000000001
465,136498.1506,1419328.3549499998,83.3016
466,136497.5894,1419328.25735,83.37480000000001
467,136497.03125,1419328.15975,83.4541
468,136495.9302,1419327.9615,83.42054999999999
469,136494.26795,1419327.6626000002,83.42054999999999
470,136493.72505,1419327.565,83.4114
471,136492.0628,1419327.26915,83.35955
472,136490.94345000002,1419327.06785,83.32905
473,136488.18015,1419326.5707,83.26195
474,136487.63725,1419326.4700500001,83.1918
475,136484.8587,1419325.9759499999,83.23755
476,136484.31579999998,1419325.87835,83.2406
477,136483.75460000001,1419325.7777,83.24974999999999
478,136483.20255000002,1419325.6801,83.26195
479,136482.315,1419325.8143,83.21315
480,136485.6334,1419326.40905,83.2284
481,136486.19460000002,1419326.5097,83.21315
482,136486.73445,1419326.60425,83.17654999999999
483,136488.9518,1419327.0038,83.22535
484,136489.513,1419327.1075,83.28635
485,136490.05285,1419327.2020500002,83.2528
486,136493.3682,1419327.80595,83.41445
487,136495.5825,1419328.20245,83.43275
488,136496.12540000002,1419328.3031,83.4663
489,136498.3458,1419328.69045,83.20400000000001
490,136498.90395,1419328.785,83.03320000000001
491,136499.4499,1419328.8795500002,82.92644999999999
492,136500.00805,1419328.97715,82.8563
493,136502.2193,1419329.3828,83.06370000000001
494,136502.76525,1419329.48345,83.143
495,136503.3173,1419329.58715,83.21315
496,136503.87545,1419329.69085,83.2406
497,136508.84389999998,1419330.5845,83.1674
498,136509.3868,1419330.68515,83.2467
499,136509.9419,1419330.7858000002,83.25585000000001
500,136512.1562,1419331.1823,83.21620000000001
501,136512.6991,1419331.2799,83.17349999999999
502,136513.2542,1419331.38055,83.1918
503,136513.8093,1419331.47815,83.16435
504,136515.46545,1419331.7770500001,83.17045
505,136516.00225,1419331.8776999998,83.21315
506,136517.1155,1419332.07595,83.16130000000001
507,136518.77165,1419332.37485,83.1552
508,136519.31149999998,1419332.47245,83.15214999999999
509,136520.00385,1419332.8536999999,83.09724999999999
510,136518.89975,1419332.6615499998,83.21925
511,136518.34464999998,1419332.5609,83.25585000000001
512,136517.7987,1419332.4663500001,83.2833
513,136517.24970000001,1419332.36265,83.18265000000001
514,136515.59355,1419332.06375,83.1369
515,136515.0415,1419331.96005,83.1308
516,136514.49555,1419331.8655,83.12775
517,136513.94045,1419331.7648500002,83.1491
518,136513.3823,1419331.66725,83.1674
519,136512.84245,1419331.5666,83.15214999999999
520,136512.2843,1419331.4659499999,83.11859999999999
521,136511.1802,1419331.2738,83.20705
522,136510.6251,1419331.17315,83.2406
523,136510.06389999998,1419331.0725,83.24365
524,136508.41079999998,1419330.7736000002,83.16130000000001
525,136507.30975000001,1419330.57535,83.15214999999999
526,136505.65055,1419330.2764499998,83.1979
527,136505.0924,1419330.17885,83.20705
528,136504.54645,1419330.08125,83.2284
529,136501.2311,1419329.4804,83.04845
530,136498.47085,1419328.98325,83.11555
531,136497.3515,1419328.79415,83.33515
532,136496.8025,1419328.6996,83.44800000000001
533,136495.14635,1419328.40375,83.46935
534,136494.58515,1419328.3031,83.46325
535,136492.3678,1419327.9066,83.43275
536,136491.8249,1419327.80595,83.36564999999999
537,136491.26675,1419327.70835,83.39005
538,136490.72385,1419327.6076999998,83.37785
539,136487.9453,1419327.1075,83.27415
540,136487.39935,1419327.00685,83.20400000000001
541,136485.182,1419326.61035,83.2406
542,136484.6269,1419326.5158000002,83.27720000000001
543,136481.8636,1419326.01865,83.2223
544,136481.3085,1419325.92105,83.23755
545,136480.76255,1419325.82345,83.23145
546,136478.96305,1419325.7258499998,83.3077
547,136479.51815,1419325.8265,83.2833
548,136480.0641,1419325.9241,83.26805
549,136482.8335,1419326.42125,83.26195
550,136483.37945,1419326.51885,83.2589
551,136483.93455,1419326.6164499999,83.2406
552,136486.1397,1419327.0129500001,83.23755
553,136486.69785,1419327.11665,83.31685
554,136488.9152,1419327.5162,83.34429999999999
555,136489.4581,1419327.6138,83.37480000000001
556,136490.01625,1419327.71445,83.3565
557,136492.77345,1419328.2116,83.4236
558,136493.33465,1419328.3153,83.43275
559,136493.88975,1419328.4129,83.47545
560,136499.41634999998,1419329.38585,82.92035
561,136499.9745,1419329.48345,82.899
562,136502.7317,1419329.9928,83.1491
563,136503.28375,1419330.0965,83.23755
564,136503.84495,1419330.19715,83.21925
565,136506.60215,1419330.69125,83.17960000000001
566,136507.15725,1419330.79495,83.2284
567,136507.70015,1419330.8864499999,83.12775
568,136508.26135,1419330.9901500002,83.13385
569,136511.01245,1419331.4873000002,83.1552
570,136512.67165,1419331.78315,83.10029999999999
571,136513.2237,1419331.8838,83.12775
572,136515.97785,1419332.3779,83.07894999999999
573,136516.53295,1419332.47855,83.0942
574,136517.07585,1419332.5792,83.12165
575,136517.6279,1419332.6798500002,83.13995000000001
576,136519.28405000002,1419332.9757,83.09724999999999
577,136518.88145000002,1419333.18005,83.0942
578,136518.32635,1419333.0794,83.1247
579,136517.78040000002,1419332.9818,83.13995000000001
580,136515.0171,1419332.48465,83.09115
581,136514.4742,1419332.38705,83.0942
582,136512.25685,1419331.99055,83.13995000000001
583,136511.15885,1419331.79535,83.1552
584,136509.50575,1419331.49035,82.9966
585,136508.94455,1419331.3927499999,83.10335
586,136508.40165,1419331.2982,83.11859999999999
587,136505.63835,1419330.8041,83.20095
588,136505.0802,1419330.70345,83.20400000000001
589,136504.5251,1419330.6028,83.2101
590,136502.8598,1419330.30695,83.2284
591,136501.7618,1419330.10565,83.14605
592,136501.2067,1419330.00195,83.07589999999999
593,136500.66075,1419329.9013,83.00574999999999
594,136499.00155000002,1419329.6024,82.94475
595,136498.44035,1419329.5048,83.03625
596,136496.21385,1419329.1235500001,83.44189999999999
597,136495.674,1419329.02595,83.40835000000001
598,136495.1128,1419328.9253,83.43275
599,136494.55465,1419328.8276999998,83.4663
600,136491.79134999998,1419328.3305499998,83.36564999999999
601,136491.2332,1419328.23295,83.4358
602,136490.68725,1419328.13535,83.4358
603,136488.46685,1419327.7358000001,83.3931
604,136485.7066,1419327.23865,83.25585000000001
605,136485.14845,1419327.138,83.27415
606,136484.04434999998,1419326.9397500001,83.28025
607,136481.827,1419326.54325,83.23755
608,136481.26885,1419326.4426,83.24365
609,136480.72595000002,1419326.345,83.2345
610,136477.95045,1419325.8509,83.2833
611,136477.4106,1419325.7563500002,83.33210000000001
612,136476.4773,1419325.93935,83.43885
613,136477.03545,1419326.03695,83.38700000000001
614,136479.24975,1419326.4304,83.3138
615,136479.78960000002,1419326.5280000002,83.265
616,136482.5651,1419327.0251500001,83.28635
617,136483.10495,1419327.1197,83.20400000000001
618,136486.42335,1419327.72055,83.29855
619,136486.9815,1419327.8212,83.34734999999999
620,136487.53965,1419327.92185,83.3382
621,136489.74175000002,1419328.3214,83.3992
622,136490.29989999998,1419328.4220500002,83.4663
623,136492.5142,1419328.8216,83.42970000000001
624,136493.0571,1419328.9192000001,83.43275
625,136493.6183,1419329.01985,83.4602
626,136496.3755,1419329.5139499998,83.42054999999999
627,136496.93365,1419329.61155,83.3809
628,136497.48875,1419329.70915,83.2955
629,136499.69694999998,1419330.0904,82.91425000000001
630,136500.2551,1419330.1941,82.94475
631,136503.00925,1419330.7004,83.19484999999999
632,136506.3246,1419331.2982,83.20095
633,136506.87970000002,1419331.39885,83.18875
634,136507.42565,1419331.49645,83.17654999999999
635,136510.17979999998,1419331.9936000002,83.12165
636,136510.73795,1419332.09425,83.143
637,136512.3941,1419332.38705,83.03015
638,136513.48905,1419332.5883499999,83.082
639,136514.0472,1419332.689,83.07285
640,136515.7003,1419332.9848500001,83.06065
641,136516.2554,1419333.08855,83.0576
642,136516.7983,1419333.18615,83.06065
643,136519.5616,1419333.6833000001,83.03320000000001
644,136520.10145,1419333.77785,82.99355
645,136519.0065,1419333.8205499998,83.01185000000001
646,136518.46665000002,1419333.72295,82.9966
647,136515.1513,1419333.1282000002,83.06370000000001
648,136514.5962,1419333.02755,83.0515
649,136511.8329,1419332.53345,83.09115
650,136511.28085,1419332.4358499998,83.11859999999999
651,136509.61555,1419332.13695,83.1674
652,136509.0635,1419332.03325,83.05454999999999
653,136508.5145,1419331.9386999998,83.1552
654,136505.73595,1419331.4415499999,83.21315
655,136505.19,1419331.34395,83.21620000000001
656,136504.6349,1419331.2433000002,83.21620000000001
657,136502.41755,1419330.84375,83.21315
658,136501.87159999998,1419330.7430999998,83.14605
659,136501.3165,1419330.64245,83.07589999999999
660,136499.09915,1419330.2367999998,82.97525
661,136498.55015,1419330.14225,83.03015
662,136497.4308,1419329.95315,83.30465
663,136495.2226,1419329.5627499998,83.3931
664,136494.6675,1419329.4621,83.39005
665,136491.8981,1419328.968,83.44189999999999
666,136491.343,1419328.8673500002,83.4358
667,136488.57665,1419328.3732500002,83.3992
668,136488.0185,1419328.26955,83.35040000000001
669,136485.80114999998,1419327.8699999999,83.27109999999999
670,136485.25825,1419327.77545,83.31075000000001
671,136484.69705,1419327.6748000002,83.31075000000001
672,136481.9368,1419327.1776500002,83.27415
673,136481.37865,1419327.08005,83.3016
674,136478.62145,1419326.589,83.37785
675,136478.0633,1419326.48835,83.36564999999999
676,136475.86425,1419326.101,83.44189999999999
677,136474.7632,1419325.90275,83.42970000000001
678,136474.2081,1419325.8021,83.4175
679,136472.5733,1419325.77465,83.326
680,136473.1223,1419325.87225,83.37480000000001
681,136473.67435,1419325.9698500002,83.3199
682,136476.4346,1419326.4731,83.47545
683,136476.9897,1419326.5707,83.44800000000001
684,136477.54785,1419326.67135,83.4358
685,136479.204,1419326.97025,83.41445
686,136480.30505,1419327.1654500002,83.39005
687,136480.8632,1419327.26305,83.31685
688,136483.06835000002,1419327.6595500002,83.3626
689,136483.6204,1419327.75715,83.31685
690,136485.83775,1419328.1567000002,83.29245
691,136486.38675,1419328.2543,83.31075000000001
692,136486.9388,1419328.3549499998,83.3077
693,136487.5,1419328.4556,83.3382
694,136489.7021,1419328.8551500002,83.3809
695,136490.26025,1419328.9558,83.40225
696,136490.8184,1419329.0564499998,83.4236
697,136493.01745,1419329.45295,83.4236
698,136493.57864999998,1419329.5536000002,83.40835000000001
699,136496.33585,1419330.0476999998,83.39615
700,136496.89705,1419330.14835,83.40835000000001
701,136499.66035,1419330.6272,82.9417
702,136500.22155000002,1419330.7308999998,82.95695
703,136500.7614,1419330.83155,83.04235
704,136502.42059999998,1419331.13655,83.20095
705,136503.5308,1419331.3409,83.23755
706,136504.07675,1419331.4385,83.22535
707,136506.288,1419331.83805,83.21925
708,136506.83395,1419331.9356499999,83.21315
709,136507.38905,1419332.0363,83.20095
710,136509.60335000002,1419332.4328,83.1369
711,136510.14625,1419332.5304,83.14605
712,136510.70135,1419332.63105,83.1247
713,136513.4616,1419333.1251500002,83.03320000000001
714,136514.01365,1419333.2258000001,83.01795
715,136517.31985,1419333.8205499998,82.99050000000001
716,136517.878,1419333.9212,82.96305
717,136519.52195,1419334.2262,82.98134999999999
718,136520.0679,1419334.3207500002,82.86545
719,136519.1224,1419334.458,82.92949999999999
720,136518.5795,1419334.3604000001,82.92949999999999
721,136516.36215,1419333.96695,82.99050000000001
722,136515.80705,1419333.8663,83.021
723,136515.2611,1419333.7687,83.01795
724,136514.706,1419333.66805,83.0149
725,136512.49169999998,1419333.27155,83.0576
726,136511.9427,1419333.1709,83.0393
727,136511.38455,1419333.07635,83.18265000000001
728,136509.7223,1419332.77745,83.17045
729,136508.6182,1419332.58225,83.2101
730,136508.0631,1419332.4816,83.20705
731,136505.84575,1419332.0851,83.23755
732,136505.29979999998,1419331.9875,83.2406
733,136504.74165,1419331.8838,83.23755
734,136501.97835000002,1419331.3836,83.1369
735,136501.4202,1419331.2799,83.05454999999999
736,136500.8651,1419331.1761999999,83.00880000000001
737,136498.6569,1419330.78275,83.07285
738,136498.0957,1419330.6820999999,83.10335
739,136497.53755,1419330.58755,83.18875
740,136495.8692,1419330.2947500001,83.39615
741,136495.32630000002,1419330.19715,83.3565
742,136491.99875,1419329.6054500001,83.42665000000001
743,136490.88245,1419329.40415,83.42054999999999
744,136488.67729999998,1419329.0045999999,83.326
745,136488.1161,1419328.90395,83.2833
746,136487.57319999998,1419328.80635,83.26195
747,136487.01200000002,1419328.69655,83.06675
748,136484.79465,1419328.3092,83.2955
749,136484.25175,1419328.21465,83.35040000000001
750,136482.5895,1419327.9188,83.3931
751,136482.0344,1419327.8212,83.4358
752,136481.48845,1419327.72055,83.37480000000001
753,136478.71295,1419327.22645,83.4602
754,136478.17005000002,1419327.1319,83.49374999999999
755,136477.6119,1419327.03125,83.48155
756,136474.2935,1419326.4304,83.32905
757,136472.0792,1419326.03085,83.265
758,136469.51415,1419325.8509,83.28635
759,136470.054,1419325.9485,83.28025
760,136470.61215,1419326.04915,83.28635
761,136473.36325,1419326.5402,83.27720000000001
762,136473.9214,1419326.6439,83.28025
763,136475.0194,1419326.8391,83.2467
764,136476.13569999998,1419327.0465,83.3931
765,136476.68165,1419327.1441,83.4236
766,136479.45105,1419327.6442999998,83.4785
767,136479.997,1419327.74495,83.48155
768,136480.54905,1419327.8395,83.41445
769,136483.8644,1419328.4312,83.3077
770,136484.96545,1419328.6233499998,83.15214999999999
771,136488.83895,1419329.3279000001,83.32905
772,136489.38185,1419329.4255000001,83.31075000000001
773,136489.94,1419329.5292,83.3931
774,136491.04105,1419329.72745,83.43885
775,136492.70025,1419330.0263500002,83.4114
776,136493.2584,1419330.127,83.3931
777,136493.80130000002,1419330.2185,83.3565
778,136494.35945,1419330.31915,83.31075000000001
779,136497.11665,1419330.8163,83.33210000000001
780,136497.67785,1419330.9108499999,83.15214999999999
781,136499.89825,1419331.30125,82.93255
782,136502.09425,1419331.7099499998,83.15825
783,136502.64935,1419331.81365,83.25585000000001
784,136503.20445,1419331.9142999998,83.26195
785,136503.75040000002,1419332.00885,83.19484999999999
786,136506.51979999998,1419332.5121,83.23755
787,136507.06575,1419332.6127499999,83.2589
788,136507.62085,1419332.71035,83.24974999999999
789,136510.38415,1419333.20445,83.06675
790,136510.9362,1419333.3051,83.07589999999999
791,136512.59235,1419333.6070500002,83.12775
792,136513.15355,1419333.7016,82.9844
793,136513.69645,1419333.7992,82.9722
794,136516.4628,1419334.2994,82.96
795,136517.00569999998,1419334.39395,82.90814999999999
796,136517.5608,1419334.4945999999,82.8807
797,136519.54025,1419335.0954500001,82.8807
798,136518.9821,1419334.9948,82.88374999999999
799,136518.427,1419334.89415,82.8502
800,136515.6698,1419334.40005,82.9173
801,136515.11165,1419334.3024499998,82.97525
802,136514.56875,1419334.20485,82.99965
803,136512.34835000001,1419333.81445,83.18265000000001
804,136511.79630000002,1419333.71075,83.10335
805,136509.59725,1419333.31425,83.0576
806,136509.0391,1419333.2136000001,83.07285
807,136508.484,1419333.11295,83.0942
808,136505.71764999998,1419332.6219,83.25585000000001
809,136505.16255,1419332.5243,83.26195
810,136504.6166,1419332.4236499998,83.25585000000001
811,136501.85940000002,1419331.92345,83.13995000000001
812,136501.30125,1419331.81975,83.07285
813,136499.64205,1419331.5178,82.9722
814,136499.0839,1419331.4201999998,83.04235
815,136496.3145,1419330.9383,83.4358
816,136495.7594,1419330.8346,83.37785
817,136495.21345,1419330.7339499998,83.27109999999999
818,136494.65835,1419330.6333,83.2528
819,136491.88895,1419330.1453,83.4175
820,136491.33385,1419330.0446499998,83.44800000000001
821,136490.78485,1419329.94705,83.40225
822,136486.35014999998,1419329.1357500001,83.0271
823,136485.80419999998,1419329.03815,83.03015
824,136485.24605,1419328.9375,83.0576
825,136482.48885,1419328.45865,83.37785
826,136481.92765,1419328.3610500002,83.42665000000001
827,136481.3756,1419328.2604,83.3809
828,136478.61229999998,1419327.7663,83.44800000000001
829,136478.0572,1419327.66565,83.36564999999999
830,136475.8551,1419327.2661000001,83.3077
831,136475.29695,1419327.1654500002,83.26805
832,136472.53975,1419326.6683,83.20705
833,136471.9877,1419326.5707,83.25585000000001
834,136468.6815,1419325.9820500002,83.27720000000001
835,136468.1203,1419325.87835,83.20400000000001
836,136467.5774,1419325.7716,83.02404999999999
837,136467.14735,1419325.9729,82.9417
838,136469.36775,1419326.3876999998,83.26195
839,136469.9137,1419326.4822500001,83.23145
840,136470.4688,1419326.58595,83.3016
841,136471.5668,1419326.7781,83.20095
842,136473.22295,1419327.077,83.21315
843,136473.7811,1419327.1776500002,83.2223
844,136474.33925000002,1419327.28135,83.2345
845,136477.10559999998,1419327.78765,83.43885
846,136477.6607,1419327.8852499998,83.41445
847,136479.8628,1419328.2848,83.42970000000001
848,136480.424,1419328.3823999998,83.39615
849,136482.6261,1419328.7758499999,83.2955
850,136483.1812,1419328.87345,83.21925
851,136483.7424,1419328.97105,83.1308
852,136484.28225,1419329.0655999999,83.07285
853,136487.0608,1419329.5627499998,83.03320000000001
854,136487.6037,1419329.6634,83.10945
855,136488.1649,1419329.7670999998,83.1674
856,136490.37005,1419330.1758,83.38700000000001
857,136492.5874,1419330.5723,83.39005
858,136493.14555,1419330.676,83.37480000000001
859,136493.6915,1419330.77055,83.33515
860,136496.46395,1419331.2738,83.40225
861,136497.0099,1419331.36835,83.35955
862,136497.56805,1419331.4629000002,83.16435
863,136498.12925,1419331.5605000001,83.08505000000001
864,136500.33745,1419331.9539499998,82.96
865,136500.89255000002,1419332.0607,83.03015
866,136503.10684999998,1419332.4694,83.26805
867,136503.64975,1419332.5639499999,83.19484999999999
868,136505.8671,1419332.9696,83.265
869,136506.4283,1419333.0702499999,83.2528
870,136506.9651,1419333.16785,83.2345
871,136507.52935,1419333.2685,83.21620000000001
872,136509.75280000002,1419333.66195,82.9783
873,136510.2957,1419333.7565,82.92035
874,136510.84775,1419333.8601999998,83.03015
875,136511.4059,1419333.9639,83.0576
876,136514.16005,1419334.4701999999,82.99355
877,136515.8162,1419334.76605,82.92644999999999
878,136516.37435,1419334.8667000001,82.92035
879,136516.91725,1419334.9642999999,82.91120000000001
880,136517.4754,1419335.06495,82.8624
881,136519.68665000002,1419335.4645,82.8685
882,136518.7808,1419335.6475,82.85324999999999
883,136518.2379,1419335.54685,82.84105
884,136514.9256,1419334.95515,82.9539
885,136513.2725,1419334.6593,82.9783
886,136512.70825,1419334.5586499998,83.02404999999999
887,136512.1562,1419334.46105,83.0393
888,136511.6072,1419334.36345,83.07589999999999
889,136508.84085,1419333.8601999998,83.00880000000001
890,136508.2949,1419333.76565,83.082
891,136507.7337,1419333.66805,83.17654999999999
892,136504.9704,1419333.1770000001,83.2833
893,136502.7561,1419332.77745,83.28939999999999
894,136502.21015,1419332.67375,83.17045
895,136499.45295,1419332.1674499998,82.98134999999999
896,136498.89175,1419332.06985,83.07285
897,136498.3336,1419331.97225,83.0881
898,136497.7846,1419331.87465,83.1552
899,136495.0091,1419331.38055,83.2284
900,136494.46315,1419331.2799,83.21925
901,136492.24275,1419330.8895,83.39005
902,136489.48249999998,1419330.39235,83.33515
903,136488.92130000002,1419330.2886499998,83.23755
904,136488.36620000002,1419330.18495,83.12775
905,136486.16105,1419329.7823500002,82.96305
906,136485.59985,1419329.6817,82.99965
907,136485.04475,1419329.5810500002,82.9966
908,136484.4988,1419329.48345,82.9722
909,136483.3825,1419329.28825,83.0881
910,136481.72635,1419328.9985,83.265
911,136481.18345,1419328.90395,83.29245
912,136479.52425000002,1419328.6111499998,83.39615
913,136478.96915000002,1419328.5105,83.39005
914,136478.411,1419328.4098500002,83.40225
915,136476.2089,1419328.0103,83.2589
916,136475.6538,1419327.90965,83.25585000000001
917,136475.0926,1419327.809,83.21925
918,136474.5558,1419327.7114000001,83.20705
919,136472.34149999998,1419327.31185,83.1918
920,136471.2435,1419327.1197,83.27415
921,136469.03530000002,1419326.7232000001,83.26195
922,136467.3761,1419326.4182,83.09724999999999
923,136466.272,1419326.2077499998,82.8136
924,136465.7169,1419326.1071,82.79835000000001
925,136465.17095,1419326.0095000002,82.77699999999999
926,136464.62195,1419325.91495,82.85324999999999
927,136463.09389999998,1419325.86615,83.06675
928,136463.6368,1419325.9667999998,83.07894999999999
929,136466.3757,1419326.4486999998,82.83800000000001
930,136466.93995,1419326.55545,82.97525
931,136467.50115,1419326.6652499998,83.1857
932,136468.0471,1419326.76895,83.2955
933,136470.81040000002,1419327.26305,83.20400000000001
934,136473.00944999998,1419327.6564999998,83.16435
935,136476.3248,1419328.25735,83.23755
936,136476.88295,1419328.3580000002,83.265
937,136477.4289,1419328.45865,83.32905
938,136480.20135,1419328.95885,83.31685
939,136480.7473,1419329.0533999999,83.27415
940,136481.8636,1419329.2486,83.10640000000001
941,136484.0657,1419329.639,82.9844
942,136486.83815,1419330.1392,82.99355
943,136487.38715,1419330.2367999998,82.99965
944,136489.04635,1419330.5479000001,83.23145
945,136489.60450000002,1419330.6516,83.34125
946,136490.1596,1419330.7522500001,83.35345000000001
947,136490.70555,1419330.8529,83.37785
948,136491.2637,1419330.95355,83.3809
949,136494.027,1419331.4445999998,83.22535
950,136496.79945,1419331.94785,83.35955
951,136497.34845000002,1419332.0424,83.20095
952,136499.56885,1419332.4328,82.97525
953,136500.12395,1419332.5304,82.9234
954,136500.6699,1419332.6341,83.00574999999999
955,136501.225,1419332.7378,83.05454999999999
956,136503.97915,1419333.24715,83.3016
957,136504.5373,1419333.3477999999,83.2955
958,136507.29755000002,1419333.8418999999,83.20095
959,136508.95979999998,1419334.1347,83.021
960,136510.06085,1419334.3360000001,83.0149
961,136510.61595,1419334.4336,82.99050000000001
962,136513.37315,1419334.9338,82.99965
963,136513.92825,1419335.0344500002,82.99355
964,136514.4864,1419335.1351,82.96305
965,136517.24055,1419335.6292,82.90814999999999
966,136517.78345000002,1419335.7267999998,82.86545
967,136520.17465,1419336.3917,82.9966
968,136519.61955,1419336.29105,82.96305
969,136519.0675,1419336.1904,82.9173
970,136518.5246,1419336.08975,82.8868
971,136516.31335,1419335.69325,82.94779999999999
972,136515.75825,1419335.5926,82.94779999999999
973,136515.21229999998,1419335.4980499998,82.98745000000001
974,136514.65720000002,1419335.3974,83.00880000000001
975,136512.4551,1419335.0039499998,83.07285
976,136511.90305,1419334.90025,82.9844
977,136511.34185,1419334.7995999998,83.03320000000001
978,136509.68875,1419334.5007,82.9844
979,136506.36425,1419333.9151,83.25585000000001
980,136505.81829999998,1419333.81445,83.2833
981,136505.2632,1419333.7138,83.27109999999999
982,136502.50295,1419333.2136000001,83.2284
983,136501.94785,1419333.1098999998,83.1125
984,136501.3897,1419333.0062,83.05454999999999
985,136498.62639999998,1419332.506,83.06065
986,136496.406,1419332.1217,83.40225
987,136495.86005000002,1419332.0180000002,83.2528
988,136493.08455,1419331.5239000001,83.35955
989,136492.5386,1419331.4263,83.3687
990,136491.9835,1419331.32565,83.37480000000001
991,136491.4223,1419331.2249999999,83.38395
992,136488.66204999998,1419330.7186999999,83.12775
993,136488.10085000002,1419330.615,83.03625
994,136486.44165,1419330.3161000002,83.00880000000001
995,136485.8957,1419330.2185,82.99050000000001
996,136483.1324,1419329.7183,82.95085
997,136482.5773,1419329.62375,83.03320000000001
998,136482.0161,1419329.5230999999,83.04845
999,136480.91809999998,1419329.3339999998,83.1979
1000,136479.26195,1419329.0411999999,83.34125
1001,136478.70075000002,1419328.94055,83.33515
1002,136478.1609,1419328.8429500002,83.3199
1003,136475.94355,1419328.4373,83.17045
1004,136474.2874,1419328.1414499998,83.1674
1005,136473.7445,1419328.04385,83.13385
1006,136473.18635,1419327.9401500002,83.0942
1007,136472.6343,1419327.8456,83.17045
1008,136469.88014999998,1419327.3514999999,83.20705
1009,136469.32809999998,1419327.25695,83.26195
1010,136468.7852,1419327.1593499999,83.26805
1011,136468.23315000001,1419327.06175,83.3016
1012,136465.4668,1419326.5402,82.76785
1013,136464.91475,1419326.4426,82.78005
1014,136462.7218,1419326.06135,83.0942
1015,136461.3249,1419326.1437,83.18875
1016,136461.8678,1419326.2413,83.14605
1017,136462.41985,1419326.34195,83.1674
1018,136464.6006,1419326.7201500002,82.80445
1019,136466.8149,1419327.12885,82.98745000000001
1020,136467.37915,1419327.2356,83.16130000000001
1021,136470.13025,1419327.7358000001,83.23145
1022,136470.69145,1419327.8364499998,83.23145
1023,136471.78944999998,1419328.0347,83.18875
1024,136474.0007,1419328.42815,83.10640000000001
1025,136474.54055,1419328.5288,83.1552
1026,136475.10175,1419328.6294500001,83.18265000000001
1027,136475.6538,1419328.7301,83.13995000000001
1028,136476.75485,1419328.9314000001,83.20095
1029,136477.31605,1419329.03205,83.22535
1030,136480.62835,1419329.62375,83.04235
1031,136481.1743,1419329.72135,83.0454
1032,136483.39165,1419330.11785,82.9844
1033,136483.94675,1419330.22155,83.04235
1034,136484.49575,1419330.3161000002,82.96915000000001
1035,136485.05085,1419330.4198,83.0271
1036,136487.81415,1419330.91695,82.98134999999999
1037,136490.03454999998,1419331.3317500001,83.3199
1038,136490.58965,1419331.43545,83.3931
1039,136493.35295,1419331.9326000002,83.3565
1040,136493.9111,1419332.02715,83.2223
1041,136494.45705,1419332.12475,83.2284
1042,136495.01215,1419332.22845,83.265
1043,136497.2173,1419332.628,83.31075000000001
1044,136497.77850000001,1419332.7256,83.1857
1045,136498.33665,1419332.8232,83.0942
1046,136500.00195,1419333.116,82.92949999999999
1047,136500.54485,1419333.21665,82.9966
1048,136502.201,1419333.52775,83.15825
1049,136502.7561,1419333.6314499998,83.2528
1050,136503.3051,1419333.72905,83.2467
1051,136503.85715,1419333.8327499998,83.28025
1052,136504.41835,1419333.9334,83.3199
1053,136507.1786,1419334.43055,83.17045
1054,136507.7276,1419334.52815,83.16435
1055,136508.27659999998,1419334.6257500001,83.10640000000001
1056,136511.04905,1419335.12595,82.9966
1057,136512.70825,1419335.4279,83.09115
1058,136513.2481,1419335.5255000002,83.06370000000001
1059,136513.8093,1419335.6292,83.06675
1060,136516.0175,1419336.02875,83.06675
1061,136516.55735,1419336.12635,83.0515
1062,136517.11854999998,1419336.2270000002,83.03320000000001
1063,136517.67364999998,1419336.3246,82.98134999999999
1064,136519.3237,1419336.6295999999,83.10945
1065,136519.525,1419336.9376500002,83.21620000000001
1066,136518.9821,1419336.837,83.17960000000001
1067,136518.4331,1419336.7333000002,83.10335
1068,136517.8719,1419336.63265,83.11555
1069,136516.77085,1419336.4374499999,83.1674
1070,136516.21575,1419336.3368,83.1674
1071,136515.67285,1419336.2392000002,83.17654999999999
1072,136515.11775,1419336.1355,83.1369
1073,136514.0167,1419335.9403,83.18875
1074,136513.45854999998,1419335.83965,83.1857
1075,136511.80544999999,1419335.53465,83.04845
1076,136510.14625,1419335.23575,83.07589999999999
1077,136509.58505,1419335.1351,83.10335
1078,136509.04215,1419335.0344500002,83.07285
1079,136506.26055,1419334.54035,83.2345
1080,136505.7146,1419334.44275,83.30465
1081,136505.1534,1419334.3451500002,83.33515
1082,136501.835,1419333.73515,83.11859999999999
1083,136499.6146,1419333.3264499998,82.98745000000001
1084,136499.06865,1419333.2319,83.0515
1085,136496.28399999999,1419332.7439000001,83.4114
1086,136495.7411,1419332.6463,83.4175
1087,136495.1799,1419332.5426,83.3626
1088,136492.4166,1419332.04545,83.35955
1089,136491.8554,1419331.9448000002,83.36564999999999
1090,136489.63194999998,1419331.5422,83.26195
1091,136489.08905,1419331.4385,83.15825
1092,136486.86865,1419331.0359,83.07285
1093,136486.3227,1419330.94135,83.11555
1094,136485.76455,1419330.8407,83.12775
1095,136482.44005,1419330.23375,82.96305
1096,136481.88495,1419330.13615,82.9844
1097,136481.33595,1419330.0355000002,82.94475
1098,136479.11860000002,1419329.6451,83.1552
1099,136478.57875,1419329.5505499998,83.21315
1100,136476.3614,1419329.1479500001,83.11859999999999
1101,136475.80325,1419329.05035,83.14605
1102,136474.7022,1419328.8520999998,83.17045
1103,136473.04605,1419328.5532,83.10335
1104,136471.94805,1419328.3549499998,83.14605
1105,136469.1817,1419327.86695,83.31075000000001
1106,136468.64184999999,1419327.76935,83.326
1107,136468.08370000002,1419327.6687,83.29245
1108,136466.42145,1419327.34845,82.8441
1109,136463.6734,1419326.8635,83.0576
1110,136463.1244,1419326.76895,83.10945
1111,136462.5693,1419326.6683,83.143
1112,136459.82125,1419326.1711499998,83.05454999999999
1113,136459.2692,1419326.0766,83.1369
1114,136458.72934999998,1419325.9789999998,83.19484999999999
1115,136457.41175,1419325.9789999998,83.34429999999999
1116,136457.9516,1419326.07355,83.28025
1117,136460.7027,1419326.56155,83.09115
1118,136461.8007,1419326.7598,83.11859999999999
1119,136464.00585000002,1419327.15325,82.99355
1120,136464.54265,1419327.2417000001,82.81665000000001
1121,136465.09470000002,1419327.3392999999,82.72210000000001
1122,136465.6559,1419327.43995,82.74345000000001
1123,136467.31815,1419327.7602,83.16435
1124,136470.6335,1419328.3580000002,83.1979
1125,136471.17945,1419328.4556,83.1674
1126,136472.2927,1419328.6538500001,83.07894999999999
1127,136473.94885,1419328.95275,83.11859999999999
1128,136474.4948,1419329.0533999999,83.12165
1129,136475.04684999998,1419329.151,83.082
1130,136476.7091,1419329.45295,83.12775
1131,136477.8132,1419329.6542500001,83.2101
1132,136479.4724,1419329.94705,83.0393
1133,136480.5887,1419330.1453,82.95085
1134,136483.352,1419330.64855,83.04845
1135,136483.91319999998,1419330.7522500001,83.10029999999999
1136,136484.45305,1419330.8468,83.021
1137,136485.0173,1419330.9505,83.10640000000001
1138,136487.23465,1419331.35005,83.0698
1139,136487.7806,1419331.4445999998,83.0149
1140,136488.33875,1419331.5483000001,83.08505000000001
1141,136488.8969,1419331.652,83.11859999999999
1142,136490.5439,1419331.96005,83.34429999999999
1143,136491.1051,1419332.0607,83.34429999999999
1144,136493.87145,1419332.5609,83.34429999999999
1145,136494.42655,1419332.6615499998,83.3809
1146,136497.19595,1419333.1587,83.29855
1147,136497.75105,1419333.25325,83.17045
1148,136498.30005000002,1419333.3508499998,83.13385
1149,136501.0786,1419333.8541,83.04845
1150,136501.62149999998,1419333.95475,83.0942
1151,136502.7378,1419334.1591,83.17654999999999
1152,136503.83885,1419334.36345,83.27720000000001
1153,136504.397,1419334.46715,83.33210000000001
1154,136507.16030000002,1419334.96125,83.17045
1155,136507.72454999998,1419335.0588500001,83.06065
1156,136508.26135,1419335.16255,83.143
1157,136509.9236,1419335.4614499998,83.07589999999999
1158,136511.0399,1419335.66275,83.05454999999999
1159,136513.78795,1419336.16905,83.27109999999999
1160,136514.3461,1419336.2697,83.265
1161,136515.4441,1419336.4679500002,83.20400000000001
1162,136517.09415000002,1419336.7699,83.27720000000001
1163,136517.65535,1419336.8705499999,83.22535
1164,136518.1952,1419336.96815,83.23755
1165,136519.8117,1419337.569,83.326
1166,136518.71065,1419337.3738,83.37785
1167,136516.50245,1419336.9712,83.2955
1168,136515.9504,1419336.8705499999,83.2955
1169,136515.4014,1419336.7699,83.28635
1170,136513.1871,1419336.3734,83.34429999999999
1171,136512.632,1419336.2697,83.3016
1172,136512.09215,1419336.16905,83.23145
1173,136509.32275,1419335.66275,83.10640000000001
1174,136508.7768,1419335.5651500002,83.12165
1175,136506.5564,1419335.1717,83.27109999999999
1176,136506.0013,1419335.0710500001,83.265
1177,136503.23495,1419334.5708499998,83.2833
1178,136502.1339,1419334.3665,83.1369
1179,136499.9196,1419333.9578,82.9539
1180,136499.3767,1419333.8632500002,83.04235
1181,136498.81245,1419333.7626,83.0881
1182,136496.589,1419333.3752499998,83.42970000000001
1183,136496.0461,1419333.27765,83.43885
1184,136493.28280000002,1419332.77745,83.34429999999999
1185,136492.7216,1419332.6768,83.35345000000001
1186,136492.1665,1419332.5792,83.3626
1187,136489.9583,1419332.1766,83.265
1188,136489.3971,1419332.06985,83.1247
1189,136488.842,1419331.96615,83.0271
1190,136488.293,1419331.8655,83.0149
1191,136486.07565,1419331.4751000002,83.21925
1192,136485.5175,1419331.37445,83.15825
1193,136482.7542,1419330.8712,83.05454999999999
1194,136479.9909,1419330.371,82.94779999999999
1195,136479.4297,1419330.27035,82.97525
1196,136478.87764999998,1419330.1758,83.07285
1197,136478.3317,1419330.0782,83.1308
1198,136475.56535,1419329.5810500002,83.11555
1199,136475.01635,1419329.4804,83.0576
1200,136474.46125,1419329.3828,83.12165
1201,136473.36325,1419329.1845500001,83.0881
1202,136472.80205,1419329.0808499998,83.0271
1203,136470.054,1419328.5958999998,83.2406
1204,136469.49889999998,1419328.49525,83.27109999999999
1205,136468.9438,1419328.3976500002,83.3077
1206,136467.8458,1419328.1994,83.24974999999999
1207,136467.28764999998,1419328.0957,83.15214999999999
1208,136466.73559999999,1419327.9859,82.90814999999999
1209,136466.18050000002,1419327.87915,82.78615
1210,136465.62235,1419327.77545,82.7282
1211,136463.4416,1419327.4002999999,83.12775
1212,136462.88955,1419327.3027,83.15825
1213,136460.1415,1419326.80555,83.09115
1214,136459.58945,1419326.7079500002,83.09115
1215,136456.85665,1419326.2260500002,83.3382
1216,136456.3046,1419326.1254,83.33210000000001
1217,136455.76475,1419326.0278,83.3138
1218,136454.22755,1419326.03085,82.7953
1219,136454.78875,1419326.14065,82.9844
1220,136457.5429,1419326.6561,83.32294999999999
1221,136458.09495,1419326.7537,83.29855
1222,136458.63175,1419326.84825,83.2345
1223,136459.1838,1419326.9458499998,83.1674
1224,136460.8308,1419327.2417000001,83.13995000000001
1225,136461.38285,1419327.3392999999,83.10335
1226,136461.92575,1419327.4369,83.04845
1227,136462.48085,1419327.5406,83.15825
1228,136464.67075,1419327.92185,82.75564999999999
1229,136465.2167,1419328.01945,82.74040000000001
1230,136466.87284999999,1419328.3275,82.9539
1231,136467.4371,1419328.4373,83.1369
1232,136467.9922,1419328.54405,83.26805
1233,136470.74635,1419329.03815,83.20400000000001
1234,136471.2984,1419329.1388,83.1674
1235,136471.8413,1419329.2333499999,83.11859999999999
1236,136474.6107,1419329.7366,83.15825
1237,136475.71175000002,1419329.9379,83.17960000000001
1238,136476.8128,1419330.1331,83.12775
1239,136477.36485,1419330.2307,83.07894999999999
1240,136480.1251,1419330.7248,82.90814999999999
1241,136480.6802,1419330.8285,82.9783
1242,136481.22615,1419330.9261,82.9661
1243,136481.7843,1419331.0298000001,83.06370000000001
1244,136484.5476,1419331.5361000001,83.1674
1245,136485.1027,1419331.6337,83.0881
1246,136486.7619,1419331.9386999998,83.2101
1247,136487.86295,1419332.1308499998,83.0454
1248,136490.0803,1419332.53955,83.2406
1249,136490.6232,1419332.6432500002,83.34734999999999
1250,136491.1844,1419332.74085,83.26805
1251,136493.9416,1419333.24105,83.33210000000001
1252,136494.50280000002,1419333.34475,83.3565
1253,136495.05485000001,1419333.4454,83.3931
1254,136497.81815,1419333.9395,83.2101
1255,136498.3763,1419334.0370999998,83.14605
1256,136500.03855,1419334.3298999998,82.9173
1257,136500.58145,1419334.43055,82.95085
1258,136501.13655,1419334.5373,83.0515
1259,136503.87545,1419335.0466500001,83.29245
1260,136504.4275,1419335.15035,83.3016
1261,136504.98870000002,1419335.251,83.3016
1262,136507.19079999998,1419335.6475,83.21620000000001
1263,136507.7459,1419335.7481499999,83.17960000000001
1264,136508.30405,1419335.8488,83.15214999999999
1265,136509.9602,1419336.14465,83.07589999999999
1266,136511.0582,1419336.34595,83.0942
1267,136511.61635,1419336.4496499998,83.1491
1268,136512.7052,1419336.65705,83.35040000000001
1269,136513.2603,1419336.7577,83.35955
1270,136513.8032,1419336.8553,83.326
1271,136514.36135,1419336.95595,83.2955
1272,136517.10635,1419337.4592000002,83.35955
1273,136517.6645,1419337.5568,83.29855
1274,136518.20130000002,1419337.6574499998,83.37785
1275,136519.75375,1419338.1729000001,83.36564999999999
1276,136516.45059999998,1419337.57205,83.37480000000001
1277,136515.89245,1419337.4714000002,83.37480000000001
1278,136512.0464,1419336.7699,83.2589
1279,136511.48825,1419336.66315,83.1674
1280,136509.83515,1419336.3612,83.0942
1281,136509.277,1419336.2636000002,83.17349999999999
1282,136508.7341,1419336.16295,83.14605
1283,136506.5137,1419335.7664499998,83.27720000000001
1284,136505.9708,1419335.66885,83.31075000000001
1285,136503.19835000002,1419335.1656,83.27720000000001
1286,136502.65545,1419335.06495,83.1857
1287,136502.1034,1419334.96125,83.12165
1288,136499.33705,1419334.458,83.07285
1289,136498.785,1419334.3573500002,83.10945
1290,136498.22075,1419334.25975,83.1674
1291,136497.11665,1419334.0676,83.34125
1292,136496.56155,1419333.97,83.42054999999999
1293,136493.2401,1419333.3661000002,83.326
1294,136492.69415,1419333.2685,83.3687
1295,136489.37575,1419332.6585000001,83.07894999999999
1296,136488.81455,1419332.5548,82.99965
1297,136488.25944999998,1419332.4541500001,83.021
1298,136485.4931,1419331.96615,83.23145
1299,136484.938,1419331.86245,83.13995000000001
1300,136483.83695,1419331.6642,83.17654999999999
1301,136483.27575,1419331.56355,83.1674
1302,136482.73285,1419331.4629000002,83.1247
1303,136479.41139999998,1419330.85595,82.93255
1304,136478.85325000001,1419330.7552999998,82.96915000000001
1305,136476.10215,1419330.2673000002,83.16130000000001
1306,136473.8909,1419329.86775,83.1247
1307,136473.3297,1419329.7670999998,83.10640000000001
1308,136472.22865,1419329.5627499998,83.00269999999999
1309,136470.0357,1419329.17845,83.24365
1310,136469.48365,1419329.0808499998,83.27109999999999
1311,136466.16220000002,1419328.45865,82.76175
1312,136465.6071,1419328.3580000002,82.71905
1313,136465.0642,1419328.2604,82.7526
1314,136463.9784,1419328.0773999998,83.021
1315,136460.13235,1419327.38505,83.07589999999999
1316,136459.57725,1419327.28745,83.14605
1317,136456.8475,1419326.8025,83.3077
1318,136456.2924,1419326.7018499998,83.33515
1319,136455.7556,1419326.60425,83.3016
1320,136455.19135,1419326.4975,83.15825
1321,136452.97705,1419326.07965,82.74040000000001
1322,136452.44329999998,1419325.9851000002,82.76785
1323,136451.9004,1419325.89665,82.9844
1324,136450.50960000002,1419325.8509,83.1552
1325,136451.06165000002,1419325.9515499999,83.1369
1326,136454.33735000002,1419326.53105,82.86545
1327,136454.8833,1419326.6378,83.0271
1328,136457.6527,1419327.1501999998,83.2955
1329,136458.1895,1419327.2478,83.27415
1330,136458.7446,1419327.3454,83.24365
1331,136461.4835,1419327.8364499998,83.1247
1332,136462.0447,1419327.9401500002,83.1552
1333,136462.59675,1419328.0408,83.20095
1334,136463.13965,1419328.1383999998,83.17654999999999
1335,136467.55604999998,1419328.93445,83.10945
1336,136468.102,1419329.0411999999,83.26195
1337,136468.66014999998,1419329.1449,83.32294999999999
1338,136470.8714,1419329.5383499998,83.1979
1339,136472.50925,1419329.83115,83.0881
1340,136474.7266,1419330.23375,83.1125
1341,136475.28475,1419330.3344,83.0942
1342,136475.82765,1419330.43505,83.15214999999999
1343,136476.38885,1419330.5357000001,83.1491
1344,136478.04499999998,1419330.83155,83.06370000000001
1345,136480.8083,1419331.3317500001,83.04845
1346,136481.3634,1419331.4323999998,83.10640000000001
1347,136481.9124,1419331.53305,83.09724999999999
1348,136485.2308,1419332.13695,83.1857
1349,136485.78895,1419332.2376,83.1491
1350,136486.3471,1419332.3413,83.2284
1351,136487.44815,1419332.53955,83.13995000000001
1352,136491.3308,1419333.2502,83.36564999999999
1353,136491.87065,1419333.3508499998,83.39615
1354,136494.64919999999,1419333.8510500002,83.37175
1355,136495.19210000001,1419333.9517,83.44495
1356,136495.75024999998,1419334.05235,83.39615
1357,136498.51355,1419334.5433999998,83.143
1358,136500.73395,1419334.9398999999,82.9783
1359,136501.29210000002,1419335.0466500001,83.04845
1360,136502.39315,1419335.24795,83.10029999999999
1361,136504.04624999998,1419335.55905,83.28635
1362,136504.60745,1419335.6597,83.3138
1363,136505.14729999998,1419335.76035,83.34429999999999
1364,136507.9228,1419336.26055,83.1918
1365,136508.4657,1419336.3551,83.1308
1366,136509.02385,1419336.4618499998,83.20095
1367,136510.68305,1419336.7577,83.0942
1368,136511.2229,1419336.8583499999,83.143
1369,136511.78105,1419336.9589999998,83.13995000000001
1370,136513.98925,1419337.37075,83.34125
1371,136514.52909999999,1419337.46835,83.34125
1372,136515.0842,1419337.57205,83.36564999999999
1373,136517.27715,1419337.97465,83.4602
1374,136517.83225,1419338.07225,83.38700000000001
1375,136518.39345,1419338.17595,83.3992
1376,136518.93025,1419338.27355,83.3809
1377,136520.0923,1419338.7951,83.2955
1378,136519.53415,1419338.69445,83.3382
1379,136518.99125,1419338.5968499999,83.3626
1380,136516.22185,1419338.09665,83.38395
1381,136515.682,1419337.996,83.35345000000001
1382,136513.4677,1419337.5964499998,83.37175
1383,136512.90954999998,1419337.4958000001,83.39615
1384,136510.1676,1419336.9834,83.07285
1385,136509.61555,1419336.88885,83.17349999999999
1386,136509.0635,1419336.7882,83.17960000000001
1387,136506.84615,1419336.3917,83.26195
1388,136506.29715,1419336.29105,83.2406
1389,136505.74205,1419336.19345,83.34125
1390,136503.5247,1419335.7878,83.2589
1391,136502.97875,1419335.68715,83.1979
1392,136502.42364999998,1419335.58345,83.1247
1393,136500.20630000002,1419335.17475,82.96
1394,136499.6634,1419335.07715,82.9966
1395,136498.54405,1419334.88195,83.15214999999999
1396,136497.4369,1419334.6898,83.35345000000001
1397,136496.87875,1419334.5891500001,83.3992
1398,136496.33585,1419334.49155,83.3931
1399,136495.77465,1419334.38785,83.37785
1400,136494.11545,1419334.0889499998,83.35955
1401,136493.55425000002,1419333.9883,83.36564999999999
1402,136492.4532,1419333.79005,83.3809
1403,136490.794,1419333.4942,83.45715
1404,136490.23585,1419333.3844,83.2406
1405,136489.69295,1419333.2807,83.0942
1406,136489.13175,1419333.1770000001,83.0515
1407,136487.47255,1419332.8811499998,83.1674
1408,136486.9144,1419332.78355,83.20400000000001
1409,136486.37149999998,1419332.68595,83.24974999999999
1410,136485.8103,1419332.5883499999,83.28025
1411,136484.70925,1419332.38705,83.20400000000001
1412,136483.59295,1419332.1857500002,83.2406
1413,136483.0531,1419332.08815,83.2589
1414,136482.4919,1419331.9814000002,83.13385
1415,136480.27455,1419331.5788,83.06370000000001
1416,136479.73165,1419331.47815,83.0149
1417,136477.51735,1419331.08165,83.10335
1418,136476.97444999998,1419330.9840499999,83.11555
1419,136476.41934999998,1419330.8895,83.21315
1420,136475.31829999998,1419330.6882,83.1247
1421,136474.76015,1419330.58755,83.17654999999999
1422,136473.66215,1419330.3893,83.143
1423,136473.10095000002,1419330.2886499998,83.11859999999999
1424,136472.54585,1419330.1819,82.9783
1425,136469.7978,1419329.69695,83.26195
1426,136469.25795,1419329.6024,83.29855
1427,136467.04059999998,1419329.1845500001,82.93865
1428,136466.47635,1419329.0777999999,82.78615
1429,136464.28645,1419328.6874,82.8807
1430,136463.74354999998,1419328.5989499998,83.12165
1431,136463.18845000002,1419328.50135,83.18265000000001
1432,136462.0935,1419328.3031,83.17349999999999
1433,136460.99855,1419328.10485,83.16435
1434,136460.44345000002,1419328.0042,83.1247
1435,136459.8914,1419327.9035500002,83.11859999999999
1436,136459.35155,1419327.809,83.1674
1437,136456.6035,1419327.31795,83.3016
1438,136456.06365,1419327.22035,83.2833
1439,136453.84325,1419326.7964,82.73125
1440,136453.2912,1419326.6988000001,82.77395
1441,136451.1318,1419326.32365,83.1674
1442,136450.5828,1419326.2260500002,83.17654999999999
1443,136450.02465,1419326.12235,83.11859999999999
1444,136447.27354999998,1419325.8753,83.0515
1445,136447.81645,1419325.9698500002,82.96
1446,136448.91139999998,1419326.1742,83.09724999999999
1447,136449.46345,1419326.2718,83.02404999999999
1448,136451.65945,1419326.67135,83.0393
1449,136452.73915,1419326.85435,82.79225
1450,136454.38615,1419327.1593499999,82.90814999999999
1451,136454.9504,1419327.2661000001,83.0576
1452,136455.4933,1419327.37285,83.19484999999999
1453,136458.2505,1419327.8730499998,83.20400000000001
1454,136458.7873,1419327.97065,83.17045
1455,136459.3424,1419328.06825,83.12775
1456,136460.43735,1419328.2665,83.1491
1457,136461.5323,1419328.46475,83.1308
1458,136462.0874,1419328.5654,83.13995000000001
1459,136462.64555,1419328.6691,83.19484999999999
1460,136465.37835,1419329.1449,82.70685
1461,136467.5835,1419329.5627499998,83.09115
1462,136468.14775,1419329.67255,83.27415
1463,136468.70285,1419329.7732,83.3199
1464,136475.32135,1419330.9688,83.1979
1465,136475.86729999998,1419331.06945,83.20705
1466,136478.07855,1419331.4598500002,82.9722
1467,136478.63365,1419331.5605000001,82.95695
1468,136480.83575,1419331.9631,83.05454999999999
1469,136481.3939,1419332.0668,83.08505000000001
1470,136481.95205,1419332.1674499998,83.0698
1471,136482.49495,1419332.27115,83.19484999999999
1472,136485.2735,1419332.77745,83.21315
1473,136488.0307,1419333.2746,83.1674
1474,136490.794,1419333.7839499998,83.35345000000001
1475,136491.90725,1419333.9883,83.4114
1476,136494.6675,1419334.49155,83.43885
1477,136495.22565,1419334.5922,83.44189999999999
1478,136499.0839,1419335.2814999998,83.10029999999999
1479,136500.74615,1419335.5773500002,82.98134999999999
1480,136501.30125,1419335.6841,83.10029999999999
1481,136501.84720000002,1419335.77865,82.9966
1482,136504.0554,1419336.19345,83.27720000000001
1483,136504.59829999998,1419336.2941,83.28025
1484,136505.15645,1419336.3978,83.3077
1485,136508.4718,1419336.9956,83.21620000000001
1486,136509.57285,1419337.1938500002,83.1552
1487,136510.6861,1419337.3982,83.11859999999999
1488,136511.229,1419337.49885,83.1918
1489,136512.3392,1419337.70625,83.31685
1490,136513.9862,1419338.0082,83.3626
1491,136514.53214999998,1419338.10885,83.36564999999999
1492,136515.0842,1419338.2095,83.37175
1493,136517.8353,1419338.7097,83.3626
1494,136518.38735,1419338.81035,83.3626
1495,136520.2448,1419339.3807,83.27415
1496,136519.68665000002,1419339.28005,83.28939999999999
1497,136519.14985000002,1419339.18245,83.30465
1498,136516.9386,1419338.7829,83.3565
1499,136516.38045,1419338.6792000001,83.35040000000001
1500,136515.8406,1419338.5816,83.34429999999999
1501,136513.0712,1419338.0814,83.38700000000001
1502,136510.8813,1419337.6726999998,83.15825
1503,136510.32925,1419337.569,83.09115
1504,136509.7711,1419337.46835,83.10335
1505,136507.569,1419337.07185,83.18875
1506,136507.0078,1419336.9742500002,83.3199
1507,136506.4527,1419336.8736,83.31075000000001
1508,136505.90675,1419336.776,83.3077
1509,136503.1404,1419336.2666500001,83.1979
1510,136500.38319999998,1419335.7542500002,82.94475
1511,136498.15975,1419335.36385,83.21925
1512,136497.61685,1419335.2692999998,83.34429999999999
1513,136497.0587,1419335.16865,83.39005
1514,136496.50055,1419335.0710500001,83.39615
1515,136495.9546,1419334.9704,83.4053
1516,136493.73725,1419334.5677999998,83.3809
1517,136493.1852,1419334.4701999999,83.39005
1518,136492.63925,1419334.3695500002,83.40225
1519,136489.879,1419333.86935,83.33515
1520,136488.2198,1419333.5613,83.1308
1521,136487.66165,1419333.4637,83.24974999999999
1522,136487.1035,1419333.3630499998,83.21315
1523,136486.5606,1419333.26545,83.24974999999999
1524,136484.34325,1419332.8658999999,83.23145
1525,136483.78815,1419332.76525,83.26195
1526,136483.2422,1419332.6707000001,83.35040000000001
1527,136482.6871,1419332.5639499999,83.2589
1528,136479.92075,1419332.05765,83.06675
1529,136477.70645,1419331.652,82.98134999999999
1530,136477.16965,1419331.56355,83.1308
1531,136474.3972,1419331.06335,83.17045
1532,136473.85735,1419330.96575,83.17349999999999
1533,136473.2992,1419330.8651,83.17654999999999
1534,136470.54809999999,1419330.36795,83.2345
1535,136469.99300000002,1419330.2673000002,83.2589
1536,136469.44095000002,1419330.1697,83.2833
1537,136466.6746,1419329.6512,82.8197
1538,136465.02455,1419329.3492500002,82.73734999999999
1539,136464.46945,1419329.25165,82.82275
1540,136463.93875,1419329.16625,83.0515
1541,136461.1846,1419328.67215,83.15825
1542,136460.6478,1419328.57455,83.16435
1543,136460.08965,1419328.47695,83.17349999999999
1544,136459.5376,1419328.3732500002,83.10335
1545,136457.35684999998,1419327.9859,83.2528
1546,136456.80175,1419327.8852499998,83.28025
1547,136456.25274999999,1419327.7846,83.27109999999999
1548,136451.33005000002,1419326.8879,83.12775
1549,136450.78105,1419326.79335,83.18875
1550,136450.23205,1419326.6926999998,83.20705
1551,136449.68915,1419326.59205,83.10335
1552,136446.9472,1419326.09185,83.04235
1553,136446.4104,1419325.9942500002,83.03015
1554,136444.9098,1419326.01255,83.1247
1555,136445.46185,1419326.11015,83.10640000000001
1556,136448.7162,1419326.7018499998,83.07589999999999
1557,136449.2652,1419326.79945,83.0454
1558,136451.9858,1419327.2844,82.83189999999999
1559,136452.53175,1419327.382,82.7892
1560,136453.08685,1419327.4826500001,82.79835000000001
1561,136453.6206,1419327.5772,82.74345000000001
1562,136454.72470000002,1419327.7907,83.03015
1563,136455.84100000001,1419328.00115,83.23755
1564,136458.01870000002,1419328.39155,83.09115
1565,136458.5738,1419328.48915,83.04235
1566,136461.87085,1419329.0930499998,83.10945
1567,136462.4229,1419329.1937,83.15214999999999
1568,136462.96885,1419329.2943499999,83.1918
1569,136463.51785,1419329.395,83.17045
1570,136465.15875,1419329.67255,82.7282
1571,136465.7108,1419329.7732,82.72210000000001
1572,136466.2537,1419329.87385,82.76175
1573,136467.37305,1419330.0873500002,82.98134999999999
1574,136468.47715,1419330.30085,83.31685
1575,136469.03225,1419330.40455,83.3565
1576,136471.22520000002,1419330.7980000002,83.24974999999999
1577,136471.7803,1419330.8956,83.1369
1578,136472.3354,1419330.99625,83.20095
1579,136475.0926,1419331.4995000002,83.25585000000001
1580,136475.6477,1419331.6032,83.2955
1581,136476.1906,1419331.7008000002,83.24974999999999
1582,136476.74265,1419331.7984,83.1857
1583,136478.40185,1419332.0912,82.98134999999999
1584,136478.9539,1419332.1948999998,83.06065
1585,136479.5029,1419332.29555,83.07589999999999
1586,136482.27229999998,1419332.8048999999,83.27109999999999
1587,136484.47135,1419333.20445,83.23145
1588,136485.0295,1419333.3051,83.2284
1589,136485.5724,1419333.4057500002,83.26805
1590,136488.34485,1419333.90595,83.1369
1591,136488.8908,1419334.0005,83.0881
1592,136489.4459,1419334.1042000002,83.1125
1593,136491.64495000002,1419334.51595,83.39005
1594,136492.20309999998,1419334.6166,83.40835000000001
1595,136494.4174,1419335.0192,83.42054999999999
1596,136494.95725,1419335.1168,83.3809
1597,136498.27565,1419335.7145999998,83.1857
1598,136498.8338,1419335.8122,83.12165
1599,136499.39195,1419335.9098,83.04845
1600,136501.59100000001,1419336.3124,83.0149
1601,136502.1461,1419336.41915,83.10335
1602,136502.7012,1419336.5198000001,83.15214999999999
1603,136504.35735,1419336.82785,83.2833
1604,136505.45535,1419337.0322,83.33515
1605,136507.66965,1419337.4317500002,83.25585000000001
1606,136508.2095,1419337.52935,83.2284
1607,136508.7707,1419337.63,83.1674
1608,136511.5157,1419338.1363000001,83.2955
1609,136512.06775,1419338.24305,83.43885
1610,136512.62284999999,1419338.3436999999,83.37175
1611,136515.37395,1419338.8439000002,83.34125
1612,136517.5791,1419339.2465,83.34125
1613,136518.122,1419339.3441,83.326
1614,136519.72325,1419339.9297,83.2467
1615,136516.96605,1419339.43255,83.3687
1616,136516.414,1419339.3319,83.35955
1617,136515.86805,1419339.23125,83.3565
1618,136514.7548,1419339.0299499999,83.3565
1619,136514.21495,1419338.9323500001,83.3687
1620,136513.1017,1419338.73105,83.38700000000001
1621,136512.55575,1419338.6304000001,83.39005
1622,136510.90875,1419338.32235,83.2101
1623,136510.3506,1419338.21865,83.11859999999999
1624,136509.2526,1419338.0143,83.08505000000001
1625,136507.03220000002,1419337.6208499998,83.28635
1626,136506.47405,1419337.5202,83.33515
1627,136503.71685,1419337.0139000001,83.23145
1628,136503.1587,1419336.9101999998,83.1857
1629,136500.9566,1419336.5015,82.98745000000001
1630,136500.40455,1419336.4008499999,82.96915000000001
1631,136499.84335,1419336.3002,83.00574999999999
1632,136498.7362,1419336.105,83.16130000000001
1633,136497.63210000002,1419335.91285,83.40225
1634,136497.07395,1419335.8122,83.3809
1635,136496.5158,1419335.71155,83.4053
1636,136493.7525,1419335.2083,83.33210000000001
1637,136493.20655,1419335.1107,83.3626
1638,136492.6484,1419335.01005,83.38395
1639,136489.88509999998,1419334.49765,83.08505000000001
1640,136489.33,1419334.39395,83.0271
1641,136487.66775,1419334.1011499998,83.19484999999999
1642,136487.12485,1419334.0066,83.29245
1643,136483.24525,1419333.3051,83.32905
1644,136480.4789,1419332.79575,83.1125
1645,136479.92380000002,1419332.6920500002,83.06065
1646,136477.70645,1419332.2864,82.98134999999999
1647,136477.1605,1419332.19185,83.06065
1648,136476.6115,1419332.0973,83.18875
1649,136474.3972,1419331.7008000002,83.24365
1650,136473.85125,1419331.6032,83.28635
1651,136473.2992,1419331.50255,83.26195
1652,136470.54200000002,1419331.0023500002,83.24365
1653,136469.9869,1419330.9017,83.27415
1654,136466.6685,1419330.2825500001,82.79835000000001
1655,136464.4664,1419329.88605,82.8563
1656,136463.9296,1419329.7976000002,83.0698
1657,136461.17545,1419329.2973999998,83.05454999999999
1658,136460.63255,1419329.1998,83.0515
1659,136457.3477,1419328.6111499998,83.21315
1660,136456.80175,1419328.51355,83.28025
1661,136456.25579999998,1419328.41595,83.2833
1662,136455.14865,1419328.2116,83.18265000000001
1663,136454.60575000002,1419328.10485,83.02404999999999
1664,136451.32395,1419327.51315,83.04235
1665,136450.77800000002,1419327.4216500001,83.20095
1666,136449.68305,1419327.2173000001,83.11555
1667,136447.49315,1419326.8208,83.06675
1668,136446.9594,1419326.7232000001,83.05454999999999
1669,136444.22355,1419326.2291,83.1125
1670,136443.69285,1419326.13455,83.1308
1671,136443.14385,1419326.03695,83.18265000000001
1672,136441.8659,1419326.0461000002,83.40835000000001
1673,136442.40575,1419326.14065,83.32905
1674,136445.66315,1419326.72625,83.1125
1675,136446.21215,1419326.82385,83.0515
1676,136448.9419,1419327.321,83.1125
1677,136449.48175,1419327.4216500001,83.1247
1678,136450.0338,1419327.52535,83.2101
1679,136452.7483,1419328.00115,82.76480000000001
1680,136453.85545,1419328.20245,82.77699999999999
1681,136454.9626,1419328.419,83.1308
1682,136455.5238,1419328.5288,83.29855
1683,136458.8056,1419329.1144,83.00880000000001
1684,136459.3485,1419329.212,83.0149
1685,136459.9036,1419329.3126500002,83.03015
1686,136462.65165,1419329.8159,83.082
1687,136463.20979999998,1419329.92265,83.18265000000001
1688,136465.94565,1419330.4015,82.7282
1689,136466.50685,1419330.5051999998,82.77699999999999
1690,136468.1691,1419330.8285,83.2406
1691,136468.73335,1419330.9352499999,83.34125
1692,136469.2732,1419331.03285,83.35040000000001
1693,136472.0426,1419331.53305,83.28635
1694,136472.58245000002,1419331.63065,83.26805
1695,136475.89475,1419332.2315,83.2101
1696,136478.65195,1419332.72255,82.97525
1697,136479.2101,1419332.8292999999,83.0515
1698,136481.97645,1419333.3417,83.31075000000001
1699,136482.52850000001,1419333.4423500001,83.265
1700,136485.29485,1419333.9456,83.24974999999999
1701,136485.84995,1419334.04625,83.27415
1702,136486.3959,1419334.1469,83.28635
1703,136489.1714,1419334.641,83.04845
1704,136491.37655000002,1419335.0588500001,83.42970000000001
1705,136491.9286,1419335.16255,83.49374999999999
1706,136494.149,1419335.5621,83.4236
1707,136495.2531,1419335.7633999998,83.41445
1708,136495.81125,1419335.8671,83.4175
1709,136499.13575000002,1419336.4588,83.0881
1710,136501.3409,1419336.8583499999,83.00880000000001
1711,136501.896,1419336.9651000001,83.1125
1712,136502.45415,1419337.06575,83.1308
1713,136504.6532,1419337.48055,83.34125
1714,136505.2083,1419337.5812,83.35955
1715,136505.7695,1419337.68185,83.3382
1716,136508.52975,1419338.1820500002,83.17045
1717,136509.63385,1419338.3802999998,83.07894999999999
1718,136511.28694999998,1419338.6914000001,83.28025
1719,136511.839,1419338.7951,83.35345000000001
1720,136514.59315,1419339.2983499998,83.3565
1721,136515.1513,1419339.399,83.3382
1722,136518.4636,1419340.0029,83.26195
1723,136519.01870000002,1419340.10355,83.2223
1724,136517.7194,1419340.1005000002,83.29245
1725,136517.1765,1419339.99985,83.31075000000001
1726,136516.6214,1419339.8992,83.32905
1727,136513.86725,1419339.399,83.37175
1728,136513.30909999998,1419339.2983499998,83.40835000000001
1729,136512.754,1419339.1977,83.37175
1730,136511.1009,1419338.8927,83.29855
1731,136510.00595000002,1419338.6853,83.10335
1732,136507.8008,1419338.2888,83.2345
1733,136507.2457,1419338.18815,83.25585000000001
1734,136503.92729999998,1419337.58425,83.2833
1735,136503.3722,1419337.4775,83.19484999999999
1736,136500.61195,1419336.9651000001,82.98745000000001
1737,136500.066,1419336.8675,83.00880000000001
1738,136499.5109,1419336.76685,83.0515
1739,136498.40375,1419336.57775,83.26195
1740,136497.84255,1419336.4770999998,83.38700000000001
1741,136497.28745,1419336.3795,83.45105000000001
1742,136494.52415,1419335.87625,83.4175
1743,136490.65065,1419335.16865,83.28939999999999
1744,136490.1047,1419335.0619,83.13995000000001
1745,136489.54655,1419334.9582,83.021
1746,136488.4455,1419334.76605,83.21620000000001
1747,136487.3292,1419334.5647500001,83.25585000000001
1748,136486.7863,1419334.46715,83.27415
1749,136485.12405,1419334.1591,83.1552
1750,136484.56895000002,1419334.0614999998,83.20705
1751,136484.0108,1419333.96085,83.23755
1752,136481.2536,1419333.4637,83.26805
1753,136480.6924,1419333.3539000002,83.0942
1754,136480.1495,1419333.25325,83.0515
1755,136477.9352,1419332.8476,82.99355
1756,136477.37399999998,1419332.74695,83.0149
1757,136476.83415,1419332.6523999998,83.09115
1758,136476.27905,1419332.5548,83.16130000000001
1759,136475.18104999998,1419332.35655,83.1979
1760,136474.62595000002,1419332.25895,83.24974999999999
1761,136474.0678,1419332.16135,83.29855
1762,136471.3167,1419331.6581,83.2467
1763,136470.77075,1419331.5605000001,83.21315
1764,136470.22175,1419331.4629000002,83.265
1765,136467.4615,1419330.9505,83.03625
1766,136466.90639999998,1419330.84375,82.87154999999998
1767,136466.3452,1419330.7370000002,82.78615
1768,136465.2472,1419330.5357000001,82.75564999999999
1769,136464.69514999999,1419330.4411499999,82.82275
1770,136461.95625,1419329.9562,83.0942
1771,136461.41335000002,1419329.8525,82.9722
1772,136460.85825,1419329.7488,82.9417
1773,136458.11935,1419329.2577499999,83.0881
1774,136457.5673,1419329.1571,83.08505000000001
1775,136457.02135,1419329.0655999999,83.26805
1776,136454.27025,1419328.5532,82.9417
1777,136453.706,1419328.4434,82.7709
1778,136452.0651,1419328.1445000002,82.7282
1779,136451.53135,1419328.05605,82.8868
1780,136449.35365,1419327.6717500002,83.16435
1781,136448.2648,1419327.4704500001,83.11859999999999
1782,136444.9891,1419326.87875,83.10640000000001
1783,136444.44315,1419326.7781,83.10640000000001
1784,136443.8911,1419326.6774499998,83.10335
1785,136443.3604,1419326.5829,83.1308
1786,136441.201,1419326.20165,83.4236
1787,136440.6459,1419326.101,83.37175
1788,136438.639,1419326.03085,83.36564999999999
1789,136439.188,1419326.12845,83.35345000000001
1790,136439.7309,1419326.2260500002,83.31075000000001
1791,136441.9025,1419326.62255,83.326
1792,136442.4454,1419326.7170999998,83.2345
1793,136442.9883,1419326.8147,83.17349999999999
1794,136445.71195,1419327.3088,83.10945
1795,136446.26095,1419327.4064000002,83.08505000000001
1796,136446.8008,1419327.5070500001,83.0942
1797,136447.3498,1419327.6076999998,83.1125
1798,136448.44475,1419327.809,83.1552
1799,136449.54885,1419328.01335,83.2223
1800,136450.09175000002,1419328.1139999998,83.28025
1801,136450.6377,1419328.2116,83.17045
1802,136453.35525,1419328.69045,82.7831
1803,136455.58175,1419329.11745,83.326
1804,136456.1338,1419329.2181,83.2833
1805,136458.86354999998,1419329.70305,83.0149
1806,136459.41865,1419329.8067500002,83.0149
1807,136459.9585,1419329.90435,82.9966
1808,136462.7279,1419330.4137,83.1308
1809,136463.2647,1419330.5143499998,83.1308
1810,136463.82285,1419330.61195,83.07589999999999
1811,136468.23315000001,1419331.4263,83.26805
1812,136468.78825,1419331.53,83.35345000000001
1813,136469.3342,1419331.63065,83.34125
1814,136472.10055,1419332.1339,83.31075000000001
1815,136472.64345,1419332.2315,83.28635
1816,136473.2016,1419332.33215,83.28635
1817,136475.9588,1419332.8292999999,83.17045
1818,136476.5139,1419332.92995,83.11859999999999
1819,136478.71600000001,1419333.3295,83.04845
1820,136479.2772,1419333.4301500001,83.03015
1821,136481.4976,1419333.8480000002,83.33515
1822,136482.03745,1419333.94865,83.35040000000001
1823,136482.59865,1419334.0492999998,83.32294999999999
1824,136483.15375,1419334.1469,83.28025
1825,136485.3589,1419334.55255,83.27109999999999
1826,136485.91705,1419334.6532,83.29855
1827,136486.47825000001,1419334.7569,83.29855
1828,136488.6834,1419335.1534,83.1308
1829,136490.3426,1419335.4584,83.1918
1830,136490.9038,1419335.5682,83.39615
1831,136491.4589,1419335.6719,83.4175
1832,136492.0079,1419335.7695000002,83.40835000000001
1833,136492.55995,1419335.8732,83.43275
1834,136495.32630000002,1419336.3764499999,83.4236
1835,136495.88444999998,1419336.4801500002,83.42970000000001
1836,136496.4426,1419336.58385,83.42970000000001
1837,136499.20895,1419337.0749,83.08505000000001
1838,136500.8712,1419337.3738,82.9844
1839,136501.42630000002,1419337.48055,83.04845
1840,136501.97225,1419337.5812,83.13385
1841,136502.53040000002,1419337.68185,83.1308
1842,136504.74165,1419338.0997,83.33210000000001
1843,136505.28454999998,1419338.20035,83.3565
1844,136505.83965,1419338.301,83.32294999999999
1845,136506.40085,1419338.4016500001,83.2955
1846,136509.16415,1419338.8988,83.0576
1847,136511.3571,1419339.3136000002,83.36564999999999
1848,136511.91220000002,1419339.4173,83.4053
1849,136514.6694,1419339.92055,83.34125
1850,136515.2245,1419340.0242500002,83.3382
1851,136515.76739999998,1419340.12185,83.33210000000001
1852,136518.5368,1419340.6251,83.20095
1853,136519.0797,1419340.7226999998,83.18875
1854,136519.63785,1419340.8203,83.07285
1855,136520.196,1419340.92705,83.143
1856,136519.8239,1419341.11005,83.1125
1857,136518.72285,1419340.9118,83.19484999999999
1858,136517.61875,1419340.71355,83.2833
1859,136516.5055,1419340.51225,83.29855
1860,136515.95955,1419340.4116,83.32905
1861,136513.74525,1419340.0089999998,83.3626
1862,136513.2054,1419339.9114,83.35955
1863,136510.9911,1419339.5026999998,83.31685
1864,136510.43295,1419339.399,83.2284
1865,136508.23085,1419338.99335,83.2223
1866,136507.6727,1419338.8927,83.2589
1867,136507.1115,1419338.7951,83.34125
1868,136506.5686,1419338.69445,83.34734999999999
1869,136503.80835,1419338.1851000001,83.20095
1870,136503.25325,1419338.0814,83.17654999999999
1871,136498.8277,1419337.27315,83.20400000000001
1872,136498.26345,1419337.1786000002,83.35955
1873,136497.7053,1419337.081,83.48765
1874,136497.15935,1419336.98035,83.43275
1875,136494.38385,1419336.4740499998,83.42970000000001
1876,136493.8379,1419336.3764499999,83.46935
1877,136488.85115,1419335.45535,83.1674
1878,136487.73485,1419335.2570999998,83.3077
1879,136487.19195,1419335.15645,83.24365
1880,136484.4134,1419334.6501500001,83.22535
1881,136483.87050000002,1419334.55255,83.2467
1882,136479.98785,1419333.8418999999,83.1247
1883,136478.3317,1419333.5369,83.0271
1884,136477.77354999998,1419333.4332,83.0149
1885,136476.13264999999,1419333.14345,83.1857
1886,136475.0194,1419332.9391,83.1918
1887,136474.47345000002,1419332.8414999999,83.21315
1888,136473.91835,1419332.74085,83.2345
1889,136471.16115,1419332.24065,83.2589
1890,136470.05095,1419332.03935,83.2833
1891,136467.8519,1419331.6337,83.16435
1892,136465.62845000002,1419331.2127999999,82.7282
1893,136465.0886,1419331.1152,82.7587
1894,136464.53655,1419331.0176000001,82.82885
1895,136463.9845,1419330.9261,83.021
1896,136461.7946,1419330.5326500002,83.09115
1897,136461.24255,1419330.4259,83.01795
1898,136460.68135,1419330.3222,82.98134999999999
1899,136460.14455,1419330.2245999998,82.98134999999999
1900,136457.94245,1419329.8281,83.0576
1901,136455.2127,1419329.34315,83.3199
1902,136452.44329999998,1419328.8155,82.8014
1903,136451.9004,1419328.71485,82.77395
1904,136451.35139999999,1419328.6172500001,82.81054999999999
1905,136450.81155,1419328.5288,83.04845
1906,136447.53585000001,1419327.9371,83.1308
1907,136444.81220000001,1419327.43995,83.10029999999999
1908,136444.26015,1419327.3392999999,83.0881
1909,136443.72639999999,1419327.2417000001,83.06675
1910,136436.3149,1419326.07965,83.36564999999999
1911,136436.8456,1419326.17725,83.37175
1912,136437.3946,1419326.2779,83.37480000000001
1913,136437.9375,1419326.3755,83.37480000000001
1914,136440.09995,1419326.772,83.36564999999999
1915,136440.65505,1419326.8757,83.43275
1916,136441.19795,1419326.9763500001,83.43885
1917,136442.81445,1419327.26,83.1674
1918,136443.34514999998,1419327.35455,83.11555
1919,136446.08405,1419327.85475,83.10335
1920,136446.61475,1419327.9523500002,83.10640000000001
1921,136449.36585,1419328.4617,83.24974999999999
1922,136449.90265,1419328.5592999998,83.27720000000001
1923,136450.45165,1419328.6569,83.16130000000001
1924,136453.1631,1419329.1357500001,82.8136
1925,136453.7243,1419329.2425,82.88374999999999
1926,136454.27635,1419329.3492500002,83.01185000000001
1927,136456.47235,1419329.761,83.28635
1928,136457.02745,1419329.86165,83.23145
1929,136457.5734,1419329.95315,83.082
1930,136462.5083,1419330.859,83.10335
1931,136463.06034999999,1419330.9566,83.08505000000001
1932,136466.35434999998,1419331.5483000001,82.8014
1933,136466.90945,1419331.652,82.88374999999999
1934,136467.45845,1419331.75875,82.99050000000001
1935,136470.2126,1419332.2681,83.1491
1936,136470.7738,1419332.3779,83.28025
1937,136472.4269,1419332.6768,83.2223
1938,136472.9881,1419332.78355,83.3138
1939,136475.7392,1419333.2807,83.1674
1940,136476.29735,1419333.3783000002,83.10640000000001
1941,136476.8372,1419333.47285,83.00880000000001
1942,136479.6127,1419333.9822,83.06065
1943,136482.376,1419334.5007,83.33515
1944,136485.1393,1419334.99785,83.13995000000001
1945,136485.69135,1419335.1046,83.32294999999999
1946,136486.2556,1419335.2083,83.32905
1947,136489.00365,1419335.7085,83.0942
1948,136489.56485,1419335.80915,83.0393
1949,136490.10775,1419335.9098,83.0881
1950,136492.88325,1419336.4344,83.47545
1951,136493.42614999998,1419336.5320000001,83.4663
1952,136495.08535,1419336.83395,83.43275
1953,136495.64655,1419336.9345999998,83.4358
1954,136496.20165,1419337.0383000001,83.44189999999999
1955,136498.968,1419337.53545,83.18265000000001
1956,136499.52615,1419337.6330499998,83.07285
1957,136500.07210000002,1419337.73065,82.98134999999999
1958,136502.8293,1419338.24305,83.13995000000001
1959,136505.04055,1419338.6609,83.37785
1960,136505.5987,1419338.7585,83.326
1961,136508.35895,1419339.26175,83.20095
1962,136508.92015,1419339.35935,83.0698
1963,136509.46,1419339.46305,83.1369
1964,136510.02120000002,1419339.5636999998,83.1369
1965,136512.21110000001,1419339.9785,83.40835000000001
1966,136512.76315,1419340.0791500001,83.40225
1967,136517.1704,1419340.8874,83.32905
1968,136517.7316,1419340.9880499998,83.2833
1969,136518.2867,1419341.08565,83.2101
1970,136518.8357,1419341.18325,83.1247
1971,136520.25395,1419341.7292000002,83.1491
1972,136519.708,1419341.62855,83.143
1973,136518.59780000002,1419341.42725,83.13385
1974,136516.9386,1419341.12835,83.2955
1975,136515.2794,1419340.82335,83.31075000000001
1976,136514.73955,1419340.72575,83.32294999999999
1977,136514.17835,1419340.6251,83.3382
1978,136511.4242,1419340.12185,83.4114
1979,136510.86604999998,1419340.01815,83.3382
1980,136510.31399999998,1419339.9114,83.22535
1981,136507.5507,1419339.40815,83.3016
1982,136506.9956,1419339.3074999999,83.326
1983,136506.44965,1419339.2099,83.35040000000001
1984,136504.7935,1419338.9049,83.3077
1985,136502.02104999998,1419338.3864000002,83.0881
1986,136501.4812,1419338.28575,83.0393
1987,136500.91999999998,1419338.1820500002,83.0149
1988,136499.81895000002,1419337.98075,83.00269999999999
1989,136499.26385,1419337.8861999998,83.1857
1990,136498.15365,1419337.69405,83.4785
1991,136497.5955,1419337.5934,83.4846
1992,136497.0404,1419337.4897,83.4358
1993,136496.49445,1419337.3890499999,83.44800000000001
1994,136494.2771,1419336.9834,83.4358
1995,136493.173,1419336.7821,83.41445
1996,136492.05975000001,1419336.5808,83.4053
1997,136491.51380000002,1419336.4801500002,83.4236
1998,136490.95870000002,1419336.3764499999,83.34125
1999,136488.19235,1419335.86405,83.17654999999999
